c1,c2,c3,c4,c5,c6,c7,c8,location,year,c0
║¤╝к,1846527,1297574,832664,452918,548953,289071,221317,340000,2011,1
16╦Ж╝░мн¤┬,43,13,8,5,30,10,20,340000,2011,2
17╦Ж,5,1,1,0,4,3,1,340000,2011,3
18╦Ж,4,1,0,1,3,1,2,340000,2011,4
19╦Ж,32,8,5,2,24,14,10,340000,2011,5
20╦Ж,56,21,11,10,35,22,11,340000,2011,6
21╦Ж,106,43,31,11,63,42,21,340000,2011,7
22╦Ж,335,128,94,33,207,108,93,340000,2011,8
23╦Ж,601,329,213,114,272,134,132,340000,2011,9
24╦Ж,820,520,333,184,300,153,138,340000,2011,10
25╦Ж,914,626,395,228,288,169,104,340000,2011,11
26╦Ж,1231,884,598,279,347,184,133,340000,2011,12
27╦Ж,1491,1115,767,343,376,200,139,340000,2011,13
28╦Ж,2091,1588,1099,473,503,239,194,340000,2011,14
29╦Ж,2021,1520,1017,495,501,254,180,340000,2011,15
30╦Ж,2245,1619,1059,539,626,300,240,340000,2011,16
31╦Ж,3555,2401,1420,957,1154,498,528,340000,2011,17
32╦Ж,7082,4759,2739,1961,2323,950,1103,340000,2011,18
33╦Ж,13580,9270,5174,3965,4310,1709,2165,340000,2011,19
34╦Ж,23755,16208,9018,6947,7547,3146,3722,340000,2011,20
35╦Ж,38269,26622,14859,11461,11647,4993,5733,340000,2011,21
36╦Ж,49439,34660,19340,14948,14779,6485,7211,340000,2011,22
37╦Ж,60528,42291,23812,17907,18237,7938,8842,340000,2011,23
38╦Ж,76337,53169,29830,22676,23168,10101,11209,340000,2011,24
39╦Ж,93442,65883,37286,27786,27559,12270,13064,340000,2011,25
40╦Ж,100408,69797,39485,29461,30611,13324,14738,340000,2011,26
41╦Ж,114575,80326,45338,34175,34249,15233,16528,340000,2011,27
42╦Ж,116136,80776,44473,35393,35360,15620,17082,340000,2011,28
43╦Ж,117523,84223,46782,36872,33300,14975,16563,340000,2011,29
44╦Ж,97105,67288,37891,28763,29817,13198,14546,340000,2011,30
45╦Ж,106244,73638,42806,30153,32606,14518,15717,340000,2011,31
46╦Ж,114120,79558,46767,32057,34562,15514,16531,340000,2011,32
47╦Ж,123290,85432,50589,34047,37858,17112,17607,340000,2011,33
48╦Ж,132814,95067,56888,37582,37747,17943,17531,340000,2011,34
49╦Ж,90408,68363,43594,24653,22045,12163,9431,340000,2011,35
50╦Ж,31272,22574,19436,2999,8698,6521,1642,340000,2011,36
51╦Ж,32420,23640,21174,2309,8780,7256,996,340000,2011,37
52╦Ж,36827,26145,23959,1954,10682,9126,747,340000,2011,38
53╦Ж,45578,32573,29898,2359,13005,11236,765,340000,2011,39
54╦Ж,43914,31973,29507,2223,11941,10424,793,340000,2011,40
55╦Ж,33550,22987,21892,883,10563,9163,646,340000,2011,41
56╦Ж,31206,21299,20268,814,9907,8564,579,340000,2011,42
57╦Ж,31168,21943,20931,772,9225,8034,566,340000,2011,43
58╦Ж,26938,18795,18023,561,8143,7156,423,340000,2011,44
59╦Ж,19549,14158,13651,467,5391,4802,386,340000,2011,45
60╦Ж,4983,2793,2380,381,2190,1640,465,340000,2011,46
61╦Ж,4183,2814,2279,528,1369,1010,306,340000,2011,47
62╦Ж,1937,1097,857,239,840,619,190,340000,2011,48
63╦Ж,1404,729,599,130,675,500,145,340000,2011,49
64╦Ж,2360,921,756,164,1439,1000,249,340000,2011,50
65╦Ж╝░мн╔¤,8633,4986,3332,1654,3647,2497,1150,340000,2011,51
║¤╝к,2299004,1875618,1251431,624187,423386,270182,153204,110000,2011,1
16╦Ж╝░мн¤┬,,,,,,,,110000,2011,2
17╦Ж,,,,,,,,110000,2011,3
18╦Ж,,,,,,,,110000,2011,4
19╦Ж,,,,,,,,110000,2011,5
20╦Ж,,,,,,,,110000,2011,6
21╦Ж,,,,,,,,110000,2011,7
22╦Ж,,,,,,,,110000,2011,8
23╦Ж,,,,,,,,110000,2011,9
24╦Ж,,,,,,,,110000,2011,10
25╦Ж,,,,,,,,110000,2011,11
26╦Ж,,,,,,,,110000,2011,12
27╦Ж,,,,,,,,110000,2011,13
28╦Ж,589,555,306,249,34,19,15,110000,2011,14
29╦Ж,1237,1158,717,441,79,46,33,110000,2011,15
30╦Ж,2607,2388,1473,915,219,126,93,110000,2011,16
31╦Ж,7659,6751,4026,2725,908,468,440,110000,2011,17
32╦Ж,18927,16757,9938,6819,2170,1130,1040,110000,2011,18
33╦Ж,36375,31942,18544,13398,4433,2139,2294,110000,2011,19
34╦Ж,45812,40450,23246,17204,5362,2543,2819,110000,2011,20
35╦Ж,55284,48923,28099,20824,6361,2984,3377,110000,2011,21
36╦Ж,70279,62396,35767,26629,7883,3637,4246,110000,2011,22
37╦Ж,87530,77557,44970,32587,9973,4586,5387,110000,2011,23
38╦Ж,110543,96491,56319,40172,14052,6619,7433,110000,2011,24
39╦Ж,119689,103875,61330,42545,15814,7533,8281,110000,2011,25
40╦Ж,119456,102600,60740,41860,16856,8174,8682,110000,2011,26
41╦Ж,121500,103057,60917,42140,18443,8746,9697,110000,2011,27
42╦Ж,118171,98560,57461,41099,19611,9345,10266,110000,2011,28
43╦Ж,127295,104634,60162,44472,22661,10438,12223,110000,2011,29
44╦Ж,87281,71332,41709,29623,15949,7295,8654,110000,2011,30
45╦Ж,87598,72003,43665,28338,15595,7613,7982,110000,2011,31
46╦Ж,95523,77467,47834,29633,18056,9025,9031,110000,2011,32
47╦Ж,117834,92998,57966,35032,24836,12779,12057,110000,2011,33
48╦Ж,165778,127368,79849,47519,38410,20292,18118,110000,2011,34
49╦Ж,131441,99366,64153,35213,32075,17258,14817,110000,2011,35
50╦Ж,67595,51743,41065,10678,15852,12477,3375,110000,2011,36
51╦Ж,75535,59178,51057,8121,16357,15691,666,110000,2011,37
52╦Ж,69883,54219,47659,6560,15664,15109,555,110000,2011,38
53╦Ж,78003,60056,53499,6557,17947,17471,476,110000,2011,39
54╦Ж,80613,60173,53026,7147,20440,19975,465,110000,2011,40
55╦Ж,50885,38422,36334,2088,12463,12272,191,110000,2011,41
56╦Ж,40482,31425,30476,949,9057,8911,146,110000,2011,42
57╦Ж,37620,28975,28134,841,8645,8510,135,110000,2011,43
58╦Ж,31670,23980,23414,566,7690,7612,78,110000,2011,44
59╦Ж,27954,20951,20517,434,7003,6950,53,110000,2011,45
60╦Ж,6690,4820,4507,313,1870,1852,18,110000,2011,46
61╦Ж,1413,1202,994,208,211,188,23,110000,2011,47
62╦Ж,947,774,622,152,173,161,12,110000,2011,48
63╦Ж,552,438,387,51,114,104,10,110000,2011,49
64╦Ж,433,361,311,50,72,63,9,110000,2011,50
65╦Ж╝░мн╔¤,321,273,238,35,48,41,7,110000,2011,51
║¤╝к,337581,266128,163002,103126,71453,37740,33713,830002,2011,1
16╦Ж╝░мн¤┬,7,4,0,4,3,3,0,830002,2011,2
17╦Ж,1,1,0,1,0,0,0,830002,2011,3
18╦Ж,1,1,1,0,0,0,0,830002,2011,4
19╦Ж,2,2,1,1,0,0,0,830002,2011,5
20╦Ж,0,0,0,0,0,0,0,830002,2011,6
21╦Ж,3,3,1,2,0,0,0,830002,2011,7
22╦Ж,4,3,1,2,1,1,0,830002,2011,8
23╦Ж,4,4,4,0,0,0,0,830002,2011,9
24╦Ж,3,3,1,2,0,0,0,830002,2011,10
25╦Ж,8,3,1,2,5,2,3,830002,2011,11
26╦Ж,2,2,1,1,0,0,0,830002,2011,12
27╦Ж,4,4,1,3,0,0,0,830002,2011,13
28╦Ж,0,0,0,0,0,0,0,830002,2011,14
29╦Ж,9,7,4,3,2,1,1,830002,2011,15
30╦Ж,10,6,4,2,4,1,3,830002,2011,16
31╦Ж,18,13,8,5,5,4,1,830002,2011,17
32╦Ж,60,47,27,20,13,3,10,830002,2011,18
33╦Ж,161,108,56,52,53,16,37,830002,2011,19
34╦Ж,503,351,197,154,152,58,94,830002,2011,20
35╦Ж,1196,867,526,341,329,122,207,830002,2011,21
36╦Ж,2408,1739,991,748,669,238,431,830002,2011,22
37╦Ж,4632,3426,1956,1470,1206,504,702,830002,2011,23
38╦Ж,8128,6128,3469,2659,2000,878,1122,830002,2011,24
39╦Ж,12506,9545,5342,4203,2961,1275,1686,830002,2011,25
40╦Ж,15688,11936,6494,5442,3752,1638,2114,830002,2011,26
41╦Ж,19894,15370,8155,7215,4524,1953,2571,830002,2011,27
42╦Ж,23214,17999,9523,8476,5215,2257,2958,830002,2011,28
43╦Ж,27638,21555,11344,10211,6083,2719,3364,830002,2011,29
44╦Ж,24520,19348,10163,9185,5172,2374,2798,830002,2011,30
45╦Ж,27092,21328,11320,10008,5764,2703,3061,830002,2011,31
46╦Ж,27001,21531,11368,10163,5470,2571,2899,830002,2011,32
47╦Ж,26151,20758,11106,9652,5393,2542,2851,830002,2011,33
48╦Ж,26736,21411,11337,10074,5325,2462,2863,830002,2011,34
49╦Ж,21481,17197,9187,8010,4284,2019,2265,830002,2011,35
50╦Ж,8930,7145,5559,1586,1785,1243,542,830002,2011,36
51╦Ж,8736,6943,5837,1106,1793,1409,384,830002,2011,37
52╦Ж,7074,5670,5030,640,1404,1172,232,830002,2011,38
53╦Ж,8652,6964,6253,711,1688,1456,232,830002,2011,39
54╦Ж,8153,6542,5825,717,1611,1421,190,830002,2011,40
55╦Ж,6374,5220,5081,139,1154,1102,52,830002,2011,41
56╦Ж,5532,4536,4497,39,996,985,11,830002,2011,42
57╦Ж,5335,4392,4364,28,943,934,9,830002,2011,43
58╦Ж,4398,3637,3622,15,761,758,3,830002,2011,44
59╦Ж,4107,3398,3382,16,709,706,3,830002,2011,45
60╦Ж,718,594,591,3,124,122,2,830002,2011,46
61╦Ж,302,250,245,5,52,43,9,830002,2011,47
62╦Ж,58,49,49,0,9,9,0,830002,2011,48
63╦Ж,32,25,24,1,7,7,0,830002,2011,49
64╦Ж,18,14,13,1,4,3,1,830002,2011,50
65╦Ж╝░мн╔¤,77,49,41,8,28,26,2,830002,2011,51
║¤╝к,100,67,45,21,33,20,13,350000,2011,1
16╦Ж╝░мн¤┬,0,0,0,0,0,0,0,350000,2011,2
17╦Ж,0,0,0,0,0,0,0,350000,2011,3
18╦Ж,0,0,0,0,0,0,0,350000,2011,4
19╦Ж,0,0,0,0,0,0,0,350000,2011,5
20╦Ж,0,0,0,0,0,0,0,350000,2011,6
21╦Ж,0,0,0,0,0,0,0,350000,2011,7
22╦Ж,0,0,0,0,0,0,0,350000,2011,8
23╦Ж,0,0,0,0,0,0,0,350000,2011,9
24╦Ж,0,0,0,0,0,0,0,350000,2011,10
25╦Ж,0,0,0,0,0,0,0,350000,2011,11
26╦Ж,0,0,0,0,0,0,0,350000,2011,12
27╦Ж,0,0,0,0,0,0,0,350000,2011,13
28╦Ж,0,0,0,0,0,0,0,350000,2011,14
29╦Ж,0,0,0,0,0,0,0,350000,2011,15
30╦Ж,0,0,0,0,0,0,0,350000,2011,16
31╦Ж,0,0,0,0,0,0,0,350000,2011,17
32╦Ж,0,0,0,0,0,0,0,350000,2011,18
33╦Ж,1,0,0,0,0,0,0,350000,2011,19
34╦Ж,1,1,0,0,0,0,0,350000,2011,20
35╦Ж,2,1,1,1,0,0,0,350000,2011,21
36╦Ж,2,2,1,1,1,0,0,350000,2011,22
37╦Ж,4,3,2,1,1,0,1,350000,2011,23
38╦Ж,4,3,2,1,1,1,1,350000,2011,24
39╦Ж,5,4,2,1,1,1,1,350000,2011,25
40╦Ж,5,4,2,2,2,1,1,350000,2011,26
41╦Ж,5,4,2,1,2,1,1,350000,2011,27
42╦Ж,6,4,2,2,2,1,1,350000,2011,28
43╦Ж,5,3,2,1,2,1,1,350000,2011,29
44╦Ж,5,3,2,1,2,1,1,350000,2011,30
45╦Ж,6,4,2,1,2,1,1,350000,2011,31
46╦Ж,6,4,3,2,2,1,1,350000,2011,32
47╦Ж,8,5,3,2,3,1,1,350000,2011,33
48╦Ж,7,4,3,2,2,1,1,350000,2011,34
49╦Ж,3,2,1,1,1,1,1,350000,2011,35
50╦Ж,3,2,2,0,1,1,0,350000,2011,36
51╦Ж,3,2,2,0,1,1,0,350000,2011,37
52╦Ж,3,2,2,0,1,1,0,350000,2011,38
53╦Ж,3,2,2,0,1,1,0,350000,2011,39
54╦Ж,3,2,2,0,1,1,0,350000,2011,40
55╦Ж,2,1,1,0,1,1,0,350000,2011,41
56╦Ж,2,1,1,0,1,1,0,350000,2011,42
57╦Ж,2,1,1,0,1,1,0,350000,2011,43
58╦Ж,2,1,1,0,1,1,0,350000,2011,44
59╦Ж,1,1,1,0,1,1,0,350000,2011,45
60╦Ж,0,0,0,0,0,0,0,350000,2011,46
61╦Ж,0,0,0,0,0,0,0,350000,2011,47
62╦Ж,0,0,0,0,0,0,0,350000,2011,48
63╦Ж,0,0,0,0,0,0,0,350000,2011,49
64╦Ж,0,0,0,0,0,0,0,350000,2011,50
65╦Ж╝░мн╔¤,0,0,0,0,0,0,0,350000,2011,51
║¤╝к,784804,765914,437796,315762,18890,10860,8021,620000,2011,1
16╦Ж╝░мн¤┬,450,449,350,99,1,1,0,620000,2011,2
17╦Ж,81,81,56,25,0,0,0,620000,2011,3
18╦Ж,73,73,49,23,0,0,0,620000,2011,4
19╦Ж,161,161,88,72,0,0,0,620000,2011,5
20╦Ж,160,159,100,59,1,1,0,620000,2011,6
21╦Ж,266,266,161,105,0,0,0,620000,2011,7
22╦Ж,318,318,174,144,0,0,0,620000,2011,8
23╦Ж,337,335,190,145,2,1,1,620000,2011,9
24╦Ж,444,444,253,191,0,0,0,620000,2011,10
25╦Ж,384,383,210,172,1,0,1,620000,2011,11
26╦Ж,315,315,192,123,0,0,0,620000,2011,12
27╦Ж,340,339,183,156,1,0,1,620000,2011,13
28╦Ж,403,402,195,207,1,1,0,620000,2011,14
29╦Ж,560,556,294,260,4,2,2,620000,2011,15
30╦Ж,747,738,368,367,9,5,4,620000,2011,16
31╦Ж,1262,1231,618,609,31,15,16,620000,2011,17
32╦Ж,3397,3335,1804,1514,62,35,27,620000,2011,18
33╦Ж,7314,7169,3937,3156,145,56,89,620000,2011,19
34╦Ж,9834,9603,4845,4632,231,124,107,620000,2011,20
35╦Ж,15242,14840,7502,7132,402,195,206,620000,2011,21
36╦Ж,20427,19851,9990,9556,576,298,277,620000,2011,22
37╦Ж,28410,27524,13873,13218,886,437,448,620000,2011,23
38╦Ж,37793,36823,18696,17482,970,479,491,620000,2011,24
39╦Ж,45268,44091,22392,20905,1177,592,585,620000,2011,25
40╦Ж,45966,44763,22348,21587,1203,590,611,620000,2011,26
41╦Ж,50624,49173,24624,23647,1451,682,769,620000,2011,27
42╦Ж,46732,45446,22402,22218,1286,596,690,620000,2011,28
43╦Ж,54252,52776,25913,25906,1476,677,797,620000,2011,29
44╦Ж,38245,37211,18281,18184,1034,508,526,620000,2011,30
45╦Ж,40830,39786,20025,19009,1044,571,471,620000,2011,31
46╦Ж,40655,39653,19921,18974,1002,589,413,620000,2011,32
47╦Ж,43743,42726,21531,20391,1017,598,419,620000,2011,33
48╦Ж,44931,43888,22186,20938,1043,631,412,620000,2011,34
49╦Ж,36355,35577,18903,16071,778,474,304,620000,2011,35
50╦Ж,12325,12070,8963,2951,255,195,60,620000,2011,36
51╦Ж,14733,14430,11223,3018,303,241,62,620000,2011,37
52╦Ж,13852,13570,10900,2513,282,237,45,620000,2011,38
53╦Ж,17527,17149,14014,2938,378,318,60,620000,2011,39
54╦Ж,18296,17948,14244,3412,348,318,30,620000,2011,40
55╦Ж,13176,12888,11157,1608,288,262,26,620000,2011,41
56╦Ж,12109,11868,10413,1327,241,233,8,620000,2011,42
57╦Ж,13531,13235,11033,2060,296,286,10,620000,2011,43
58╦Ж,11518,11298,10112,998,220,216,4,620000,2011,44
59╦Ж,10145,9959,9044,783,186,183,3,620000,2011,45
60╦Ж,2905,2868,2346,509,37,35,2,620000,2011,46
61╦Ж,2505,2480,1988,474,25,22,3,620000,2011,47
62╦Ж,2069,2050,1589,453,19,15,4,620000,2011,48
63╦Ж,1419,1408,1045,355,11,11,0,620000,2011,49
64╦Ж,1152,1133,810,321,19,18,1,620000,2011,50
65╦Ж╝░мн╔¤,21223,21075,16261,4765,148,112,36,620000,2011,51
║¤╝к,4703147,4074841,2474070,1600771,628306,322688,305618,440000,2011,1
16╦Ж╝░мн¤┬,17627,17603,8127,9476,24,13,11,440000,2011,2
17╦Ж,21,21,15,6,0,0,0,440000,2011,3
18╦Ж,108,104,65,39,4,1,3,440000,2011,4
19╦Ж,12,12,6,6,0,0,0,440000,2011,5
20╦Ж,36,35,16,19,1,1,0,440000,2011,6
21╦Ж,43,42,19,23,1,0,1,440000,2011,7
22╦Ж,291,287,128,159,4,1,3,440000,2011,8
23╦Ж,1763,1757,735,1022,6,2,4,440000,2011,9
24╦Ж,6421,6387,2887,3500,34,12,22,440000,2011,10
25╦Ж,11848,11741,5400,6341,107,40,67,440000,2011,11
26╦Ж,15674,15432,7111,8321,242,57,185,440000,2011,12
27╦Ж,21810,21288,9501,11787,522,107,415,440000,2011,13
28╦Ж,31685,30573,13721,16852,1112,232,880,440000,2011,14
29╦Ж,54228,51843,24190,27653,2385,564,1821,440000,2011,15
30╦Ж,67659,64019,31498,32521,3640,990,2650,440000,2011,16
31╦Ж,72586,67999,34671,33328,4587,1306,3281,440000,2011,17
32╦Ж,92332,85448,44748,40700,6884,2168,4716,440000,2011,18
33╦Ж,103223,94543,50067,44476,8680,2820,5860,440000,2011,19
34╦Ж,117706,106683,58629,48054,11023,3863,7160,440000,2011,20
35╦Ж,143864,128956,70095,58861,14908,5694,9214,440000,2011,21
36╦Ж,167706,148525,82027,66498,19181,7642,11539,440000,2011,22
37╦Ж,200783,177078,99642,77436,23705,9975,13730,440000,2011,23
38╦Ж,225474,197736,111891,85845,27738,11964,15774,440000,2011,24
39╦Ж,232359,202529,116409,86120,29830,13007,16823,440000,2011,25
40╦Ж,225649,195421,112384,83037,30228,13101,17127,440000,2011,26
41╦Ж,234174,201997,115359,86638,32177,13990,18187,440000,2011,27
42╦Ж,216007,184516,105286,79230,31491,13557,17934,440000,2011,28
43╦Ж,227320,193504,111094,82410,33816,14614,19202,440000,2011,29
44╦Ж,174528,147449,84378,63071,27079,11967,15112,440000,2011,30
45╦Ж,170934,143853,84636,59217,27081,11700,15381,440000,2011,31
46╦Ж,180753,150516,87923,62593,30237,13376,16861,440000,2011,32
47╦Ж,193273,159280,92092,67188,33993,14888,19105,440000,2011,33
48╦Ж,219611,179615,101370,78245,39996,16466,23530,440000,2011,34
49╦Ж,212879,170248,94990,75258,42631,16320,26311,440000,2011,35
50╦Ж,93731,78339,55272,23067,15392,10380,5012,440000,2011,36
51╦Ж,82848,70213,54173,16040,12635,9763,2872,440000,2011,37
52╦Ж,90096,76963,60906,16057,13133,10993,2140,440000,2011,38
53╦Ж,102793,87135,67365,19770,15658,12484,3174,440000,2011,39
54╦Ж,111832,93977,70362,23615,17855,13574,4281,440000,2011,40
55╦Ж,82857,70076,57421,12655,12781,11494,1287,440000,2011,41
56╦Ж,76401,64205,53415,10790,12196,11292,904,440000,2011,42
57╦Ж,77062,65060,54153,10907,12002,11261,741,440000,2011,43
58╦Ж,72270,60303,50961,9342,11967,11432,535,440000,2011,44
59╦Ж,70401,56936,49192,7744,13465,13012,453,440000,2011,45
60╦Ж,24881,22743,16445,6298,2138,1888,250,440000,2011,46
61╦Ж,19914,18865,13456,5409,1049,859,190,440000,2011,47
62╦Ж,20208,19373,14414,4959,835,675,160,440000,2011,48
63╦Ж,16446,15775,11436,4339,671,564,107,440000,2011,49
64╦Ж,15151,14656,10410,4246,495,438,57,440000,2011,50
65╦Ж╝░мн╔¤,105869,103182,73579,29603,2687,2141,546,440000,2011,51
║¤╝к,1224822,1221442,725909,481891,3380,1636,1744,450000,2011,1
16╦Ж╝░мн¤┬,54919,54893,39531,15236,26,17,9,450000,2011,2
17╦Ж,367,367,266,77,0,0,0,450000,2011,3
18╦Ж,383,382,238,64,1,0,1,450000,2011,4
19╦Ж,498,498,249,99,0,0,0,450000,2011,5
20╦Ж,542,542,189,168,0,0,0,450000,2011,6
21╦Ж,835,835,276,249,0,0,0,450000,2011,7
22╦Ж,1288,1288,354,364,0,0,0,450000,2011,8
23╦Ж,1735,1735,572,529,0,0,0,450000,2011,9
24╦Ж,2275,2275,791,874,0,0,0,450000,2011,10
25╦Ж,2469,2469,921,1042,0,0,0,450000,2011,11
26╦Ж,2354,2354,954,1006,0,0,0,450000,2011,12
27╦Ж,2176,2175,905,975,1,0,1,450000,2011,13
28╦Ж,2031,2030,875,916,1,1,0,450000,2011,14
29╦Ж,2390,2389,1040,1118,1,1,0,450000,2011,15
30╦Ж,2693,2692,1255,1203,1,0,1,450000,2011,16
31╦Ж,3097,3094,1491,1411,3,1,2,450000,2011,17
32╦Ж,5093,5088,2507,2393,5,1,4,450000,2011,18
33╦Ж,8892,8879,4153,4525,13,5,8,450000,2011,19
34╦Ж,14527,14504,6914,7370,23,7,16,450000,2011,20
35╦Ж,24727,24693,12218,12190,34,10,24,450000,2011,21
36╦Ж,33524,33487,16884,16272,37,11,26,450000,2011,22
37╦Ж,43817,43758,22556,20800,59,21,38,450000,2011,23
38╦Ж,48879,48832,25558,22849,47,16,31,450000,2011,24
39╦Ж,54489,54423,28734,25247,66,26,40,450000,2011,25
40╦Ж,54591,54524,28793,25258,67,22,45,450000,2011,26
41╦Ж,58820,58738,30465,27707,82,35,47,450000,2011,27
42╦Ж,55828,55748,28405,26860,80,33,47,450000,2011,28
43╦Ж,63251,63146,31834,30745,105,41,64,450000,2011,29
44╦Ж,47972,47897,24170,23241,75,13,62,450000,2011,30
45╦Ж,52298,52209,26888,24840,89,34,55,450000,2011,31
46╦Ж,55512,55387,28112,26812,125,44,81,450000,2011,32
47╦Ж,59820,59686,29930,29330,134,38,96,450000,2011,33
48╦Ж,69918,69735,33863,35413,183,57,126,450000,2011,34
49╦Ж,62183,62026,30529,31124,157,33,124,450000,2011,35
50╦Ж,22737,22675,16237,6310,62,21,41,450000,2011,36
51╦Ж,27110,27018,19800,7091,92,24,68,450000,2011,37
52╦Ж,26717,26572,19516,6940,145,39,106,450000,2011,38
53╦Ж,41914,41652,29453,11990,262,78,184,450000,2011,39
54╦Ж,43283,42954,29092,13653,329,106,223,450000,2011,40
55╦Ж,26069,25963,24082,1714,106,90,16,450000,2011,41
56╦Ж,24806,24662,23268,1252,144,132,12,450000,2011,42
57╦Ж,27686,27498,26130,1196,188,172,16,450000,2011,43
58╦Ж,26655,26473,25238,1110,182,168,14,450000,2011,44
59╦Ж,27699,27480,26222,1146,219,208,11,450000,2011,45
60╦Ж,4772,4749,4109,609,23,16,7,450000,2011,46
61╦Ж,3121,3095,2487,597,26,14,12,450000,2011,47
62╦Ж,2320,2298,1775,514,22,13,9,450000,2011,48
63╦Ж,1663,1646,1214,427,17,10,7,450000,2011,49
64╦Ж,1307,1291,981,305,16,8,8,450000,2011,50
65╦Ж╝░мн╔¤,22770,22638,13885,8730,132,70,62,450000,2011,51
║¤╝к,135,115,73,42,21,12,9,520000,2011,1
16╦Ж╝░мн¤┬,0,0,0,0,0,0,0,520000,2011,2
17╦Ж,0,0,0,0,0,0,0,520000,2011,3
18╦Ж,0,0,0,0,0,0,0,520000,2011,4
19╦Ж,0,0,0,0,0,0,0,520000,2011,5
20╦Ж,0,0,0,0,0,0,0,520000,2011,6
21╦Ж,0,0,0,0,0,0,0,520000,2011,7
22╦Ж,0,0,0,0,0,0,0,520000,2011,8
23╦Ж,0,0,0,0,0,0,0,520000,2011,9
24╦Ж,0,0,0,0,0,0,0,520000,2011,10
25╦Ж,0,0,0,0,0,0,0,520000,2011,11
26╦Ж,0,0,0,0,0,0,0,520000,2011,12
27╦Ж,0,0,0,0,0,0,0,520000,2011,13
28╦Ж,1,1,0,0,0,0,0,520000,2011,14
29╦Ж,1,1,0,0,0,0,0,520000,2011,15
30╦Ж,2,1,1,1,0,0,0,520000,2011,16
31╦Ж,2,2,1,1,0,0,0,520000,2011,17
32╦Ж,3,3,2,1,0,0,0,520000,2011,18
33╦Ж,4,4,2,2,1,0,0,520000,2011,19
34╦Ж,5,5,3,2,1,0,0,520000,2011,20
35╦Ж,5,4,2,2,1,0,0,520000,2011,21
36╦Ж,6,5,3,2,1,0,0,520000,2011,22
37╦Ж,5,4,2,2,1,0,0,520000,2011,23
38╦Ж,5,4,2,2,1,0,0,520000,2011,24
39╦Ж,5,4,3,2,1,0,0,520000,2011,25
40╦Ж,6,5,3,2,1,0,1,520000,2011,26
41╦Ж,9,7,4,3,1,1,1,520000,2011,27
42╦Ж,7,6,3,3,1,1,1,520000,2011,28
43╦Ж,4,4,2,2,1,0,0,520000,2011,29
44╦Ж,6,5,3,2,1,0,1,520000,2011,30
45╦Ж,5,4,3,2,1,0,0,520000,2011,31
46╦Ж,6,5,3,2,1,1,0,520000,2011,32
47╦Ж,7,5,3,2,1,1,1,520000,2011,33
48╦Ж,6,5,3,2,1,1,0,520000,2011,34
49╦Ж,6,5,3,2,1,1,0,520000,2011,35
50╦Ж,5,4,3,1,1,1,0,520000,2011,36
51╦Ж,4,3,3,1,1,0,0,520000,2011,37
52╦Ж,4,3,3,0,0,0,0,520000,2011,38
53╦Ж,3,3,3,0,0,0,0,520000,2011,39
54╦Ж,3,3,2,0,0,0,0,520000,2011,40
55╦Ж,3,2,2,0,0,0,0,520000,2011,41
56╦Ж,2,1,1,0,0,0,0,520000,2011,42
57╦Ж,1,1,1,0,0,0,0,520000,2011,43
58╦Ж,1,1,1,0,0,0,0,520000,2011,44
59╦Ж,1,1,1,0,0,0,0,520000,2011,45
60╦Ж,0,0,0,0,0,0,0,520000,2011,46
61╦Ж,0,0,0,0,0,0,0,520000,2011,47
62╦Ж,0,0,0,0,0,0,0,520000,2011,48
63╦Ж,0,0,0,0,0,0,0,520000,2011,49
64╦Ж,0,0,0,0,0,0,0,520000,2011,50
65╦Ж╝░мн╔¤,0,0,0,0,0,0,0,520000,2011,51
║¤╝к,191330,171578,102091,69487,19742,10341,9401,460000,2011,1
16╦Ж╝░мн¤┬,2657,2647,82,2565,0,0,0,460000,2011,2
17╦Ж,0,0,0,0,0,0,0,460000,2011,3
18╦Ж,0,0,0,0,0,0,0,460000,2011,4
19╦Ж,1,1,0,1,0,0,0,460000,2011,5
20╦Ж,3,3,2,1,0,0,0,460000,2011,6
21╦Ж,5,5,4,1,0,0,0,460000,2011,7
22╦Ж,1,1,1,0,0,0,0,460000,2011,8
23╦Ж,6,6,2,4,0,0,0,460000,2011,9
24╦Ж,10,10,6,4,0,0,0,460000,2011,10
25╦Ж,26,26,10,16,0,0,0,460000,2011,11
26╦Ж,67,65,28,37,2,1,1,460000,2011,12
27╦Ж,211,207,45,162,4,0,4,460000,2011,13
28╦Ж,358,347,80,267,11,0,11,460000,2011,14
29╦Ж,616,593,171,422,23,7,16,460000,2011,15
30╦Ж,2872,2830,1467,1363,42,11,31,460000,2011,16
31╦Ж,1052,1013,348,665,39,15,24,460000,2011,17
32╦Ж,1494,1423,526,897,71,20,51,460000,2011,18
33╦Ж,1894,1800,691,1109,94,33,61,460000,2011,19
34╦Ж,2293,2168,921,1247,125,51,74,460000,2011,20
35╦Ж,3350,3112,1291,1821,238,77,161,460000,2011,21
36╦Ж,4442,4114,1805,2309,328,109,219,460000,2011,22
37╦Ж,6195,5672,2691,2981,523,173,350,460000,2011,23
38╦Ж,8267,7503,3696,3807,764,279,485,460000,2011,24
39╦Ж,9916,8963,4678,4285,953,391,562,460000,2011,25
40╦Ж,9866,8837,4754,4083,1029,425,604,460000,2011,26
41╦Ж,11221,10060,5498,4562,1161,455,706,460000,2011,27
42╦Ж,11142,9891,5467,4424,1251,551,700,460000,2011,28
43╦Ж,11773,10426,5762,4664,1347,559,788,460000,2011,29
44╦Ж,8720,7722,4277,3445,998,425,573,460000,2011,30
45╦Ж,8870,7865,4500,3365,1005,415,590,460000,2011,31
46╦Ж,9691,8523,4951,3572,1168,494,674,460000,2011,32
47╦Ж,10872,9531,5480,4051,1341,567,774,460000,2011,33
48╦Ж,12231,10611,5976,4635,1620,666,954,460000,2011,34
49╦Ж,11726,10231,5951,4280,1495,659,836,460000,2011,35
50╦Ж,4612,4183,3251,932,429,356,73,460000,2011,36
51╦Ж,4007,3646,2943,703,361,345,16,460000,2011,37
52╦Ж,3964,3573,3034,539,391,378,13,460000,2011,38
53╦Ж,4873,4377,3759,618,496,481,15,460000,2011,39
54╦Ж,4808,4275,3663,612,533,520,13,460000,2011,40
55╦Ж,3467,3054,2853,201,413,410,3,460000,2011,41
56╦Ж,3210,2856,2736,120,354,351,3,460000,2011,42
57╦Ж,3146,2761,2641,120,385,383,2,460000,2011,43
58╦Ж,2650,2315,2239,76,335,333,2,460000,2011,44
59╦Ж,2377,2060,2000,60,317,316,1,460000,2011,45
60╦Ж,587,545,482,63,42,42,0,460000,2011,46
61╦Ж,367,344,293,51,23,21,2,460000,2011,47
62╦Ж,201,196,152,44,5,4,1,460000,2011,48
63╦Ж,137,135,94,41,2,2,0,460000,2011,49
64╦Ж,122,118,92,26,4,4,0,460000,2011,50
65╦Ж╝░мн╔¤,954,934,698,236,20,12,8,460000,2011,51
║¤╝к,2057527,1695130,1050746,644384,362397,210420,151977,130000,2011,1
16╦Ж╝░мн¤┬,8579,6500,4143,2357,2079,1561,518,130000,2011,2
17╦Ж,62,11,5,6,51,35,16,130000,2011,3
18╦Ж,36,12,7,5,24,13,11,130000,2011,4
19╦Ж,48,14,10,4,34,22,12,130000,2011,5
20╦Ж,219,24,18,6,195,140,55,130000,2011,6
21╦Ж,172,19,10,9,153,114,39,130000,2011,7
22╦Ж,184,32,18,14,152,102,50,130000,2011,8
23╦Ж,318,26,16,10,292,192,100,130000,2011,9
24╦Ж,185,38,23,15,147,84,63,130000,2011,10
25╦Ж,228,49,30,19,179,108,71,130000,2011,11
26╦Ж,200,81,50,31,119,84,35,130000,2011,12
27╦Ж,177,80,53,27,97,66,31,130000,2011,13
28╦Ж,189,63,38,25,126,90,36,130000,2011,14
29╦Ж,246,105,66,39,141,99,42,130000,2011,15
30╦Ж,322,186,100,86,136,100,36,130000,2011,16
31╦Ж,463,355,203,152,108,58,50,130000,2011,17
32╦Ж,1363,1085,642,443,278,162,116,130000,2011,18
33╦Ж,3837,3167,1816,1351,670,324,346,130000,2011,19
34╦Ж,11268,9377,5189,4188,1891,903,988,130000,2011,20
35╦Ж,21319,17548,9516,8032,3771,1756,2015,130000,2011,21
36╦Ж,37810,30830,16770,14060,6980,3149,3831,130000,2011,22
37╦Ж,50964,41579,22368,19211,9385,4294,5091,130000,2011,23
38╦Ж,65272,53110,28248,24862,12162,5532,6630,130000,2011,24
39╦Ж,85039,68677,35813,32864,16362,7350,9012,130000,2011,25
40╦Ж,108650,87662,46916,40746,20988,9802,11186,130000,2011,26
41╦Ж,111203,88853,48117,40736,22350,10406,11944,130000,2011,27
42╦Ж,134565,109719,62711,47008,24846,12116,12730,130000,2011,28
43╦Ж,100514,80756,43527,37229,19758,9435,10323,130000,2011,29
44╦Ж,111193,89585,48882,40703,21608,10345,11263,130000,2011,30
45╦Ж,78621,63529,35527,28002,15092,7632,7460,130000,2011,31
46╦Ж,84479,68767,38987,29780,15712,8013,7699,130000,2011,32
47╦Ж,86441,70213,40284,29929,16228,8444,7784,130000,2011,33
48╦Ж,93423,75783,43375,32408,17640,9304,8336,130000,2011,34
49╦Ж,115356,93244,53123,40121,22112,11712,10400,130000,2011,35
50╦Ж,83268,67833,38972,28861,15435,8508,6927,130000,2011,36
51╦Ж,38167,31449,20658,10791,6718,4442,2276,130000,2011,37
52╦Ж,57747,48942,36943,11999,8805,7094,1711,130000,2011,38
53╦Ж,45060,37688,29803,7885,7372,6300,1072,130000,2011,39
54╦Ж,57042,47499,37872,9627,9543,8211,1332,130000,2011,40
55╦Ж,61484,51994,38174,13820,9490,8169,1321,130000,2011,41
56╦Ж,52986,44161,34635,9526,8825,7660,1165,130000,2011,42
57╦Ж,47930,40716,31034,9682,7214,6299,915,130000,2011,43
58╦Ж,48796,41177,31373,9804,7619,6557,1062,130000,2011,44
59╦Ж,44256,37414,28652,8762,6842,5928,914,130000,2011,45
60╦Ж,42566,36099,27707,8392,6467,5638,829,130000,2011,46
61╦Ж,29337,25275,17985,7290,4062,3338,724,130000,2011,47
62╦Ж,23328,20697,13797,6900,2631,2007,624,130000,2011,48
63╦Ж,26482,23624,15219,8405,2858,2002,856,130000,2011,49
64╦Ж,13484,12304,8235,4069,1180,797,383,130000,2011,50
65╦Ж╝░мн╔¤,72649,67179,53086,14093,5470,3923,1547,130000,2011,51
║¤╝к,3316630,2638001,1614964,1023037,678630,376954,301676,410000,2011,1
16╦Ж╝░мн¤┬,240,177,83,94,63,32,31,410000,2011,2
17╦Ж,227,210,132,78,17,8,10,410000,2011,3
18╦Ж,352,258,146,112,94,55,38,410000,2011,4
19╦Ж,724,270,171,99,455,258,197,410000,2011,5
20╦Ж,1368,183,124,59,1185,652,533,410000,2011,6
21╦Ж,3592,214,126,88,3378,1796,1582,410000,2011,7
22╦Ж,6234,194,106,88,6040,3204,2836,410000,2011,8
23╦Ж,8306,248,139,110,8058,4251,3806,410000,2011,9
24╦Ж,11172,296,156,141,10876,5770,5106,410000,2011,10
25╦Ж,11371,308,181,126,11063,5902,5161,410000,2011,11
26╦Ж,10660,208,108,100,10452,5816,4635,410000,2011,12
27╦Ж,10876,191,96,95,10685,5975,4710,410000,2011,13
28╦Ж,12379,307,167,140,12072,6730,5342,410000,2011,14
29╦Ж,13290,432,205,227,12857,7033,5824,410000,2011,15
30╦Ж,12446,645,321,325,11801,6432,5369,410000,2011,16
31╦Ж,14655,1859,943,915,12796,6900,5897,410000,2011,17
32╦Ж,21238,4706,2619,2087,16532,8675,7857,410000,2011,18
33╦Ж,30772,12954,7163,5791,17818,9162,8656,410000,2011,19
34╦Ж,44419,25165,14112,11053,19255,9812,9443,410000,2011,20
35╦Ж,69606,46578,25380,21197,23028,11461,11568,410000,2011,21
36╦Ж,93061,68030,35978,32053,25031,11977,13054,410000,2011,22
37╦Ж,131590,101608,53420,48189,29982,14069,15913,410000,2011,23
38╦Ж,156699,125827,66047,59780,30872,14766,16106,410000,2011,24
39╦Ж,185435,152412,81129,71283,33024,15649,17375,410000,2011,25
40╦Ж,187796,155982,83179,72803,31814,15481,16333,410000,2011,26
41╦Ж,217660,183236,98619,84617,34424,16371,18053,410000,2011,27
42╦Ж,199375,168446,90878,77568,30929,14717,16213,410000,2011,28
43╦Ж,217913,184365,99542,84823,33547,16282,17266,410000,2011,29
44╦Ж,158374,133976,73499,60477,24398,11952,12447,410000,2011,30
45╦Ж,168087,142305,80239,62066,25782,13221,12561,410000,2011,31
46╦Ж,164478,138837,78730,60107,25640,12943,12697,410000,2011,32
47╦Ж,170599,144431,83065,61366,26168,13431,12737,410000,2011,33
48╦Ж,209757,176565,100984,75581,33192,17224,15968,410000,2011,34
49╦Ж,147667,126224,74746,51478,21443,11432,10010,410000,2011,35
50╦Ж,55750,48522,37495,11027,7228,5719,1509,410000,2011,36
51╦Ж,65994,57166,47439,9727,8828,7943,885,410000,2011,37
52╦Ж,56705,48896,42584,6312,7809,7312,497,410000,2011,38
53╦Ж,71938,62522,55248,7274,9416,9011,405,410000,2011,39
54╦Ж,71544,62315,54941,7374,9229,8830,399,410000,2011,40
55╦Ж,53530,46152,41461,4692,7377,7098,279,410000,2011,41
56╦Ж,51511,44371,39975,4395,7140,6944,197,410000,2011,42
57╦Ж,50009,41995,38295,3700,8014,7815,199,410000,2011,43
58╦Ж,44536,37115,34086,3028,7421,7253,168,410000,2011,44
59╦Ж,38364,32464,29654,2810,5900,5744,157,410000,2011,45
60╦Ж,12368,11023,9126,1897,1345,1297,48,410000,2011,46
61╦Ж,9181,8596,6375,2221,585,535,50,410000,2011,47
62╦Ж,5782,5035,3724,1310,747,449,298,410000,2011,48
63╦Ж,3834,3595,2546,1050,239,206,32,410000,2011,49
64╦Ж,3195,3065,2168,897,130,99,31,410000,2011,50
65╦Ж╝░мн╔¤,29972,27523,17314,10209,2450,1259,1190,410000,2011,51
║¤╝к,3284486,2014360,1410995,603365,1270126,687112,583014,230000,2011,1
16╦Ж╝░мн¤┬,65,35,27,8,30,12,18,230000,2011,2
17╦Ж,15,11,6,5,4,2,2,230000,2011,3
18╦Ж,13,7,5,2,6,3,3,230000,2011,4
19╦Ж,12,9,6,3,3,1,2,230000,2011,5
20╦Ж,18,14,9,5,4,1,3,230000,2011,6
21╦Ж,26,21,10,11,5,4,1,230000,2011,7
22╦Ж,26,18,10,8,8,3,5,230000,2011,8
23╦Ж,31,20,11,9,11,3,8,230000,2011,9
24╦Ж,64,52,34,18,12,6,6,230000,2011,10
25╦Ж,96,77,48,29,19,8,11,230000,2011,11
26╦Ж,103,89,56,33,14,7,7,230000,2011,12
27╦Ж,141,111,63,48,30,13,17,230000,2011,13
28╦Ж,271,212,134,78,59,23,36,230000,2011,14
29╦Ж,942,746,444,302,196,94,102,230000,2011,15
30╦Ж,1559,1252,847,405,307,137,170,230000,2011,16
31╦Ж,2953,2253,1495,758,700,343,357,230000,2011,17
32╦Ж,8115,6001,4109,1892,2114,1040,1074,230000,2011,18
33╦Ж,18117,13298,9133,4165,4819,2344,2475,230000,2011,19
34╦Ж,28364,20335,13577,6758,8029,3835,4194,230000,2011,20
35╦Ж,46364,32272,20973,11299,14092,6466,7626,230000,2011,21
36╦Ж,68762,46855,29258,17597,21907,9810,12097,230000,2011,22
37╦Ж,90832,60581,36655,23926,30251,12900,17351,230000,2011,23
38╦Ж,122431,80285,48470,31815,42146,17888,24258,230000,2011,24
39╦Ж,151035,97993,60362,37631,53042,22459,30583,230000,2011,25
40╦Ж,159006,101554,62246,39308,57452,23807,33645,230000,2011,26
41╦Ж,179201,113169,70034,43135,66032,27119,38913,230000,2011,27
42╦Ж,173264,107689,66543,41146,65575,26277,39298,230000,2011,28
43╦Ж,194022,118303,73144,45159,75719,29957,45762,230000,2011,29
44╦Ж,153795,92682,58340,34342,61113,24398,36715,230000,2011,30
45╦Ж,170214,99735,64149,35586,70479,27767,42712,230000,2011,31
46╦Ж,196250,113502,74644,38858,82748,33252,49496,230000,2011,32
47╦Ж,210676,120022,80255,39767,90654,36751,53903,230000,2011,33
48╦Ж,238975,135801,91172,44629,103174,42110,61064,230000,2011,34
49╦Ж,196783,107789,72848,34941,88994,36040,52954,230000,2011,35
50╦Ж,92582,58936,48060,10876,33646,25297,8349,230000,2011,36
51╦Ж,110314,70232,60805,9427,40082,34641,5441,230000,2011,37
52╦Ж,89843,56338,49583,6755,33505,30523,2982,230000,2011,38
53╦Ж,100858,63084,55786,7298,37774,35250,2524,230000,2011,39
54╦Ж,95152,58204,50852,7352,36948,34656,2292,230000,2011,40
55╦Ж,81643,47421,42786,4635,34222,32669,1553,230000,2011,41
56╦Ж,68693,39642,35694,3948,29051,27831,1220,230000,2011,42
57╦Ж,63996,36968,33429,3539,27028,26034,994,230000,2011,43
58╦Ж,54493,31754,28629,3125,22739,22080,659,230000,2011,44
59╦Ж,48606,27009,24780,2229,21597,21133,464,230000,2011,45
60╦Ж,16113,10700,8777,1923,5413,5065,348,230000,2011,46
61╦Ж,10317,7493,5636,1857,2824,2537,287,230000,2011,47
62╦Ж,6919,5417,3906,1511,1502,1335,167,230000,2011,48
63╦Ж,5440,4512,3336,1176,928,797,131,230000,2011,49
64╦Ж,4435,3744,2833,911,691,591,100,230000,2011,50
65╦Ж╝░мн╔¤,22541,20113,16986,3127,2428,1793,635,230000,2011,51
║¤╝к,2346992,2212386,1324625,887705,134606,73297,61309,420000,2011,1
16╦Ж╝░мн¤┬,11080,10998,3268,7730,82,55,27,420000,2011,2
17╦Ж,64,40,16,24,24,8,16,420000,2011,3
18╦Ж,103,66,31,35,37,16,21,420000,2011,4
19╦Ж,70,46,23,23,24,11,13,420000,2011,5
20╦Ж,95,66,40,26,29,15,14,420000,2011,6
21╦Ж,212,165,96,69,47,30,17,420000,2011,7
22╦Ж,370,353,179,174,17,9,8,420000,2011,8
23╦Ж,699,680,350,330,19,11,8,420000,2011,9
24╦Ж,758,746,385,361,12,5,7,420000,2011,10
25╦Ж,746,735,371,364,11,7,4,420000,2011,11
26╦Ж,702,696,343,353,6,1,5,420000,2011,12
27╦Ж,712,706,339,367,6,4,2,420000,2011,13
28╦Ж,759,758,331,427,1,0,1,420000,2011,14
29╦Ж,982,969,435,534,13,7,6,420000,2011,15
30╦Ж,1062,1040,473,567,22,9,13,420000,2011,16
31╦Ж,1549,1343,623,720,206,109,97,420000,2011,17
32╦Ж,4888,4761,2183,2578,127,60,67,420000,2011,18
33╦Ж,8799,8403,3777,4626,396,143,253,420000,2011,19
34╦Ж,19780,18865,8727,10138,915,381,534,420000,2011,20
35╦Ж,38391,36193,17546,18621,2198,1019,1179,420000,2011,21
36╦Ж,58023,54793,26908,27882,3230,1428,1802,420000,2011,22
37╦Ж,69283,65180,31996,33183,4103,1866,2237,420000,2011,23
38╦Ж,87837,82447,41414,41033,5390,2458,2932,420000,2011,24
39╦Ж,112905,105793,53521,52271,7112,3294,3818,420000,2011,25
40╦Ж,123401,115851,58496,57354,7550,3516,4034,420000,2011,26
41╦Ж,143643,134610,67642,66966,9033,4157,4876,420000,2011,27
42╦Ж,139370,130745,64808,65936,8625,3811,4814,420000,2011,28
43╦Ж,153206,143819,70955,72864,9387,4166,5221,420000,2011,29
44╦Ж,101594,95379,47527,47852,6215,2835,3380,420000,2011,30
45╦Ж,108407,101660,52452,49207,6747,3127,3620,420000,2011,31
46╦Ж,108178,101628,52817,48811,6550,3001,3549,420000,2011,32
47╦Ж,129745,122320,64511,57809,7425,3422,4003,420000,2011,33
48╦Ж,170266,161307,84833,76474,8959,4136,4823,420000,2011,34
49╦Ж,141601,133879,72463,61415,7722,3726,3996,420000,2011,35
50╦Ж,53076,50414,42250,8164,2662,2061,601,420000,2011,36
51╦Ж,58267,54824,42324,12500,3443,2416,1027,420000,2011,37
52╦Ж,54809,52299,47173,5125,2510,2221,289,420000,2011,38
53╦Ж,66037,62984,56923,6061,3053,2751,302,420000,2011,39
54╦Ж,68009,64981,58426,6554,3028,2708,320,420000,2011,40
55╦Ж,49346,46978,43341,3625,2368,2171,197,420000,2011,41
56╦Ж,43220,41003,37730,3269,2217,2004,213,420000,2011,42
57╦Ж,49768,47325,43222,4103,2443,2228,215,420000,2011,43
58╦Ж,41419,39369,36285,3083,2050,1902,148,420000,2011,44
59╦Ж,38431,36222,32914,3308,2209,2047,162,420000,2011,45
60╦Ж,9064,8389,5741,2648,675,521,154,420000,2011,46
61╦Ж,7465,6972,4380,2592,493,264,229,420000,2011,47
62╦Ж,6542,6133,3764,2369,409,220,189,420000,2011,48
63╦Ж,5539,5209,3269,1940,330,133,197,420000,2011,49
64╦Ж,5939,5579,3448,2131,360,163,197,420000,2011,50
65╦Ж╝░мн╔¤,50781,46665,33556,13109,4116,2644,1472,420000,2011,51
║¤╝к,1793212,1341425,930682,410743,451787,268966,182821,430000,2011,1
16╦Ж╝░мн¤┬,0,0,,,0,,,430000,2011,2
17╦Ж,0,0,,,0,,,430000,2011,3
18╦Ж,0,0,,,0,,,430000,2011,4
19╦Ж,0,0,,,0,,,430000,2011,5
20╦Ж,0,0,,,0,,,430000,2011,6
21╦Ж,0,0,,,0,,,430000,2011,7
22╦Ж,0,0,,,0,,,430000,2011,8
23╦Ж,0,0,,,0,,,430000,2011,9
24╦Ж,0,0,,,0,,,430000,2011,10
25╦Ж,0,0,,,0,,,430000,2011,11
26╦Ж,0,0,,,0,,,430000,2011,12
27╦Ж,0,0,,,0,,,430000,2011,13
28╦Ж,0,0,,,0,,,430000,2011,14
29╦Ж,0,0,,,0,,,430000,2011,15
30╦Ж,0,0,,,0,,,430000,2011,16
31╦Ж,0,0,,,0,,,430000,2011,17
32╦Ж,0,0,,,0,,,430000,2011,18
33╦Ж,793,793,541,252,0,,,430000,2011,19
34╦Ж,1242,1242,808,434,0,,,430000,2011,20
35╦Ж,2218,2218,1377,841,0,,,430000,2011,21
36╦Ж,8684,6173,3963,2210,2511,1391,1120,430000,2011,22
37╦Ж,16698,14151,8561,5590,2547,1555,992,430000,2011,23
38╦Ж,34977,28166,17491,10675,6811,4265,2546,430000,2011,24
39╦Ж,45565,33364,20176,13188,12201,7349,4852,430000,2011,25
40╦Ж,70110,51252,35133,16119,18858,9767,9091,430000,2011,26
41╦Ж,82902,59337,40113,19224,23565,11781,11784,430000,2011,27
42╦Ж,90559,64624,43479,21145,25935,13705,12230,430000,2011,28
43╦Ж,97959,70637,46481,24156,27322,15443,11879,430000,2011,29
44╦Ж,85119,63925,39073,24852,21194,10460,10734,430000,2011,30
45╦Ж,84718,62874,34935,27939,21844,12112,9732,430000,2011,31
46╦Ж,100399,77856,52528,25328,22543,11715,10828,430000,2011,32
47╦Ж,111984,86237,57921,28316,25747,14378,11369,430000,2011,33
48╦Ж,125954,98732,68055,30677,27222,15043,12179,430000,2011,34
49╦Ж,136095,112425,78460,33965,23670,11960,11710,430000,2011,35
50╦Ж,86949,65174,37691,27483,21775,15719,6056,430000,2011,36
51╦Ж,89021,67440,43247,24193,21581,10257,11324,430000,2011,37
52╦Ж,99542,73241,52577,20664,26301,17576,8725,430000,2011,38
53╦Ж,90945,66406,48125,18281,24539,13089,11450,430000,2011,39
54╦Ж,95881,68948,52889,16059,26933,14649,12284,430000,2011,40
55╦Ж,95902,71004,51924,19080,24898,13025,11873,430000,2011,41
56╦Ж,43720,33438,33417,21,10282,10219,63,430000,2011,42
57╦Ж,33794,23929,23919,10,9865,9865,,430000,2011,43
58╦Ж,32657,20015,19982,33,12642,12642,,430000,2011,44
59╦Ж,28572,17571,17563,8,11001,11001,,430000,2011,45
60╦Ж,39,39,39,,0,,,430000,2011,46
61╦Ж,11,11,11,,0,,,430000,2011,47
62╦Ж,9,9,9,,0,,,430000,2011,48
63╦Ж,60,60,60,,0,,,430000,2011,49
64╦Ж,79,79,79,,0,,,430000,2011,50
65╦Ж╝░мн╔¤,55,55,55,,0,,,430000,2011,51
║¤╝к,2428298,2412318,1487929,924389,15980,9688,6292,220000,2011,1
16╦Ж╝░мн¤┬,6,6,3,3,0,0,0,220000,2011,2
17╦Ж,14,14,7,7,0,0,0,220000,2011,3
18╦Ж,26,26,19,7,0,0,0,220000,2011,4
19╦Ж,40,40,30,10,0,0,0,220000,2011,5
20╦Ж,63,63,40,23,0,0,0,220000,2011,6
21╦Ж,63,63,36,27,0,0,0,220000,2011,7
22╦Ж,43,42,28,14,1,1,0,220000,2011,8
23╦Ж,30,30,17,13,0,0,0,220000,2011,9
24╦Ж,64,63,40,23,1,1,0,220000,2011,10
25╦Ж,51,51,35,16,0,0,0,220000,2011,11
26╦Ж,37,37,26,11,0,0,0,220000,2011,12
27╦Ж,52,51,33,18,1,0,1,220000,2011,13
28╦Ж,170,170,108,62,0,0,0,220000,2011,14
29╦Ж,295,293,189,104,2,1,1,220000,2011,15
30╦Ж,655,651,394,257,4,3,1,220000,2011,16
31╦Ж,2112,2098,1212,886,14,9,5,220000,2011,17
32╦Ж,7247,7214,4043,3171,33,22,11,220000,2011,18
33╦Ж,17896,17777,10206,7571,119,78,41,220000,2011,19
34╦Ж,29017,28850,16228,12622,167,91,76,220000,2011,20
35╦Ж,41257,41062,22499,18563,195,111,84,220000,2011,21
36╦Ж,53500,53189,28286,24903,311,172,139,220000,2011,22
37╦Ж,63639,63274,33692,29582,365,183,182,220000,2011,23
38╦Ж,89888,89390,47627,41763,498,263,235,220000,2011,24
39╦Ж,115981,115301,62126,53175,680,374,306,220000,2011,25
40╦Ж,123985,123230,64600,58630,755,431,324,220000,2011,26
41╦Ж,140063,139221,72728,66493,842,492,350,220000,2011,27
42╦Ж,132653,131775,68147,63628,878,487,391,220000,2011,28
43╦Ж,148549,147561,76537,71024,988,500,488,220000,2011,29
44╦Ж,111620,110889,57238,53651,731,342,389,220000,2011,30
45╦Ж,116601,115791,61284,54507,810,361,449,220000,2011,31
46╦Ж,131807,130946,69330,61616,861,409,452,220000,2011,32
47╦Ж,147279,146337,78170,68167,942,457,485,220000,2011,33
48╦Ж,170063,169046,88771,80275,1017,509,508,220000,2011,34
49╦Ж,143673,142770,75316,67454,903,396,507,220000,2011,35
50╦Ж,58847,58501,46803,11698,346,272,74,220000,2011,36
51╦Ж,80918,80493,67752,12741,425,323,102,220000,2011,37
52╦Ж,63017,62671,53368,9303,346,258,88,220000,2011,38
53╦Ж,78518,78034,66070,11964,484,350,134,220000,2011,39
54╦Ж,75283,74697,60819,13878,586,367,219,220000,2011,40
55╦Ж,53927,53534,49403,4131,393,356,37,220000,2011,41
56╦Ж,51157,50759,47553,3206,398,369,29,220000,2011,42
57╦Ж,50541,50077,47022,3055,464,436,28,220000,2011,43
58╦Ж,44245,43802,41025,2777,443,417,26,220000,2011,44
59╦Ж,42216,41622,39181,2441,594,572,22,220000,2011,45
60╦Ж,8656,8519,6689,1830,137,112,25,220000,2011,46
61╦Ж,7227,7177,5319,1858,50,41,9,220000,2011,47
62╦Ж,4473,4444,3201,1243,29,15,14,220000,2011,48
63╦Ж,2206,2180,1602,578,26,12,14,220000,2011,49
64╦Ж,1802,1779,1352,427,23,9,14,220000,2011,50
65╦Ж╝░мн╔¤,16826,16708,11725,4983,118,86,32,220000,2011,51
║¤╝к,3740722,3459469,2109443,1347930,281253,154888,126340,320000,2011,1
16╦Ж╝░мн¤┬,2114,2113,1941,172,1,1,0,320000,2011,2
17╦Ж,62,61,29,32,1,0,1,320000,2011,3
18╦Ж,355,355,176,179,0,0,0,320000,2011,4
19╦Ж,785,784,425,359,1,1,0,320000,2011,5
20╦Ж,1841,1840,963,877,1,1,0,320000,2011,6
21╦Ж,3397,3394,1776,1618,3,1,2,320000,2011,7
22╦Ж,4019,4019,2103,1916,0,0,0,320000,2011,8
23╦Ж,3866,3862,1930,1932,4,3,1,320000,2011,9
24╦Ж,4071,4059,2075,1984,12,3,9,320000,2011,10
25╦Ж,3498,3482,1735,1747,16,5,11,320000,2011,11
26╦Ж,2488,2478,1163,1314,10,4,6,320000,2011,12
27╦Ж,2376,2345,1050,1295,31,10,21,320000,2011,13
28╦Ж,2822,2776,1228,1547,46,12,34,320000,2011,14
29╦Ж,4252,4177,1861,2316,75,22,53,320000,2011,15
30╦Ж,5161,5027,2152,2875,134,53,81,320000,2011,16
31╦Ж,7020,6777,3100,3672,243,76,167,320000,2011,17
32╦Ж,10461,10025,4855,5162,436,169,267,320000,2011,18
33╦Ж,18250,17450,8868,8577,800,278,522,320000,2011,19
34╦Ж,34389,32465,16360,16088,1924,722,1202,320000,2011,20
35╦Ж,59515,55763,28440,27289,3752,1486,2265,320000,2011,21
36╦Ж,84899,79164,41113,37998,5735,2332,3403,320000,2011,22
37╦Ж,99498,92868,48372,44450,6630,2747,3883,320000,2011,23
38╦Ж,117712,109678,58104,51513,8034,3318,4716,320000,2011,24
39╦Ж,140980,130875,70787,59980,10105,4291,5814,320000,2011,25
40╦Ж,165659,152439,81687,70661,13220,5567,7653,320000,2011,26
41╦Ж,197388,181459,96628,84734,15929,6592,9336,320000,2011,27
42╦Ж,190308,174645,92343,82212,15663,6379,9284,320000,2011,28
43╦Ж,204186,187203,99160,87954,16983,6717,10264,320000,2011,29
44╦Ж,154030,140761,75183,65521,13269,5263,8006,320000,2011,30
45╦Ж,171385,156185,85022,71081,15200,6126,9072,320000,2011,31
46╦Ж,178890,162387,88902,73379,16503,6513,9989,320000,2011,32
47╦Ж,188554,170327,93349,76870,18227,7230,10994,320000,2011,33
48╦Ж,238902,213357,118502,94724,25545,9953,15588,320000,2011,34
49╦Ж,184661,165691,93871,71739,18970,7395,11574,320000,2011,35
50╦Ж,80264,75220,57487,17675,5044,4556,488,320000,2011,36
51╦Ж,107319,101275,80886,20250,6044,5689,349,320000,2011,37
52╦Ж,88276,81935,65159,16729,6341,6085,256,320000,2011,38
53╦Ж,107249,99523,79202,20242,7726,7452,274,320000,2011,39
54╦Ж,115945,106526,85140,21326,9419,9020,398,320000,2011,40
55╦Ж,89149,81886,66725,15126,7263,7204,58,320000,2011,41
56╦Ж,88583,81206,65734,15432,7377,7348,29,320000,2011,42
57╦Ж,94046,85684,70820,14797,8362,8341,21,320000,2011,43
58╦Ж,81888,74503,60916,13544,7385,7370,14,320000,2011,44
59╦Ж,79227,71648,58330,13267,7579,7566,12,320000,2011,45
60╦Ж,28906,28532,18263,10244,374,367,7,320000,2011,46
61╦Ж,25838,25642,16633,8997,196,191,5,320000,2011,47
62╦Ж,24524,24433,15722,8696,91,91,0,320000,2011,48
63╦Ж,20202,20147,12473,7656,55,53,2,320000,2011,49
64╦Ж,18392,18367,11254,7098,25,24,1,320000,2011,50
65╦Ж╝░мн╔¤,203120,202651,119446,83084,469,261,208,320000,2011,51
║¤╝к,,,,,,,,360000,2011,1
16╦Ж╝░мн¤┬,0,0,0,0,0,0,0,360000,2011,2
17╦Ж,0,0,0,0,0,0,0,360000,2011,3
18╦Ж,0,0,0,0,0,0,0,360000,2011,4
19╦Ж,0,0,0,0,0,0,0,360000,2011,5
20╦Ж,0,0,0,0,0,0,0,360000,2011,6
21╦Ж,0,0,0,0,0,0,0,360000,2011,7
22╦Ж,0,0,0,0,0,0,0,360000,2011,8
23╦Ж,0,0,0,0,0,0,0,360000,2011,9
24╦Ж,0,0,0,0,0,0,0,360000,2011,10
25╦Ж,0,0,0,0,0,0,0,360000,2011,11
26╦Ж,0,0,0,0,0,0,0,360000,2011,12
27╦Ж,0,0,0,0,0,0,0,360000,2011,13
28╦Ж,0,0,0,0,0,0,0,360000,2011,14
29╦Ж,0,0,0,0,0,0,0,360000,2011,15
30╦Ж,0,0,0,0,0,0,0,360000,2011,16
31╦Ж,0,0,0,0,0,0,0,360000,2011,17
32╦Ж,0,0,0,0,0,0,0,360000,2011,18
33╦Ж,1,0,0,0,0,0,0,360000,2011,19
34╦Ж,1,1,1,1,0,0,0,360000,2011,20
35╦Ж,3,2,1,1,0,0,0,360000,2011,21
36╦Ж,4,4,2,2,0,0,0,360000,2011,22
37╦Ж,6,5,3,3,0,0,0,360000,2011,23
38╦Ж,7,6,3,3,0,0,0,360000,2011,24
39╦Ж,8,7,4,3,0,0,0,360000,2011,25
40╦Ж,9,9,5,4,0,0,0,360000,2011,26
41╦Ж,9,9,5,4,0,0,0,360000,2011,27
42╦Ж,11,11,6,5,0,0,0,360000,2011,28
43╦Ж,10,10,5,5,0,0,0,360000,2011,29
44╦Ж,12,12,6,5,1,0,0,360000,2011,30
45╦Ж,9,9,5,4,0,0,0,360000,2011,31
46╦Ж,10,10,5,4,0,0,0,360000,2011,32
47╦Ж,11,10,6,4,0,0,0,360000,2011,33
48╦Ж,11,11,6,5,0,0,0,360000,2011,34
49╦Ж,13,12,7,5,0,0,0,360000,2011,35
50╦Ж,10,9,6,4,0,0,0,360000,2011,36
51╦Ж,4,4,3,1,0,0,0,360000,2011,37
52╦Ж,5,5,4,1,0,0,0,360000,2011,38
53╦Ж,5,5,4,1,0,0,0,360000,2011,39
54╦Ж,6,5,5,1,0,0,0,360000,2011,40
55╦Ж,5,5,4,1,0,0,0,360000,2011,41
56╦Ж,4,4,3,0,0,0,0,360000,2011,42
57╦Ж,3,3,3,0,0,0,0,360000,2011,43
58╦Ж,4,4,3,0,0,0,0,360000,2011,44
59╦Ж,4,4,3,0,0,0,0,360000,2011,45
60╦Ж,3,3,3,0,0,0,0,360000,2011,46
61╦Ж,1,1,1,0,0,0,0,360000,2011,47
62╦Ж,1,1,1,0,0,0,0,360000,2011,48
63╦Ж,1,1,1,0,0,0,0,360000,2011,49
64╦Ж,1,1,0,0,0,0,0,360000,2011,50
65╦Ж╝░мн╔¤,1,1,0,0,0,0,0,360000,2011,51
║¤╝к,266,170,120,50,96,57,40,210000,2011,1
16╦Ж╝░мн¤┬,,,,,,,,210000,2011,2
17╦Ж,,,,,,,,210000,2011,3
18╦Ж,,,,,,,,210000,2011,4
19╦Ж,,,,,,,,210000,2011,5
20╦Ж,,,,,,,,210000,2011,6
21╦Ж,,,,,,,,210000,2011,7
22╦Ж,,,,,,,,210000,2011,8
23╦Ж,,,,,,,,210000,2011,9
24╦Ж,,,,,,,,210000,2011,10
25╦Ж,,,,,,,,210000,2011,11
26╦Ж,,,,,,,,210000,2011,12
27╦Ж,,,,,,,,210000,2011,13
28╦Ж,,,,,,,,210000,2011,14
29╦Ж,,,,,,,,210000,2011,15
30╦Ж,,,,,,,,210000,2011,16
31╦Ж,0,0,0,0,0,0,0,210000,2011,17
32╦Ж,0,0,0,0,0,0,0,210000,2011,18
33╦Ж,1,0,0,0,0,0,0,210000,2011,19
34╦Ж,1,0,0,0,0,0,0,210000,2011,20
35╦Ж,1,1,1,0,0,0,0,210000,2011,21
36╦Ж,2,1,1,0,0,0,0,210000,2011,22
37╦Ж,3,2,1,1,1,0,0,210000,2011,23
38╦Ж,6,4,2,2,2,1,1,210000,2011,24
39╦Ж,9,6,4,2,3,1,2,210000,2011,25
40╦Ж,11,7,4,3,4,2,2,210000,2011,26
41╦Ж,14,9,5,4,5,2,3,210000,2011,27
42╦Ж,14,9,5,4,5,2,3,210000,2011,28
43╦Ж,17,11,6,5,6,3,3,210000,2011,29
44╦Ж,12,7,4,3,5,2,3,210000,2011,30
45╦Ж,14,9,5,3,6,2,3,210000,2011,31
46╦Ж,17,11,7,4,7,3,4,210000,2011,32
47╦Ж,20,12,8,4,8,3,4,210000,2011,33
48╦Ж,26,16,10,6,11,5,6,210000,2011,34
49╦Ж,19,11,7,4,8,3,4,210000,2011,35
50╦Ж,7,5,4,1,2,2,0,210000,2011,36
51╦Ж,11,8,7,1,3,3,,210000,2011,37
52╦Ж,9,6,5,1,3,3,,210000,2011,38
53╦Ж,11,7,7,1,3,3,,210000,2011,39
54╦Ж,10,7,6,1,4,4,,210000,2011,40
55╦Ж,8,5,4,0,3,3,,210000,2011,41
56╦Ж,7,4,4,,3,3,,210000,2011,42
57╦Ж,6,4,4,,2,2,,210000,2011,43
58╦Ж,5,3,3,,2,2,,210000,2011,44
59╦Ж,4,3,3,,2,2,,210000,2011,45
60╦Ж,1,1,1,,0,0,,210000,2011,46
61╦Ж,,,,,,,,210000,2011,47
62╦Ж,,,,,,,,210000,2011,48
63╦Ж,,,,,,,,210000,2011,49
64╦Ж,,,,,,,,210000,2011,50
65╦Ж╝░мн╔¤,,,,,,,,210000,2011,51
║¤╝к,1072095,510017,333786,176232,562078,343370,218707,150000,2011,1
16╦Ж╝░мн¤┬,6238,2723,1544,1179,3515,1947,1568,150000,2011,2
17╦Ж,89,79,73,6,9,7,2,150000,2011,3
18╦Ж,140,125,117,8,14,12,2,150000,2011,4
19╦Ж,262,222,198,23,40,19,21,150000,2011,5
20╦Ж,323,272,231,41,52,35,16,150000,2011,6
21╦Ж,568,477,366,110,92,59,33,150000,2011,7
22╦Ж,924,748,496,251,176,106,71,150000,2011,8
23╦Ж,1481,1199,740,459,282,167,115,150000,2011,9
24╦Ж,1842,1489,965,524,353,216,136,150000,2011,10
25╦Ж,1819,1459,970,489,360,221,139,150000,2011,11
26╦Ж,2597,1656,1078,578,941,442,499,150000,2011,12
27╦Ж,1995,1661,1079,581,334,195,139,150000,2011,13
28╦Ж,2001,1641,1088,554,360,202,158,150000,2011,14
29╦Ж,2372,1962,1315,647,409,233,176,150000,2011,15
30╦Ж,2384,1949,1308,641,435,242,193,150000,2011,16
31╦Ж,2993,2038,1341,697,955,541,414,150000,2011,17
32╦Ж,3836,2531,1652,879,1305,748,557,150000,2011,18
33╦Ж,6923,3845,2405,1439,3078,1637,1441,150000,2011,19
34╦Ж,10754,5312,3265,2048,5441,2956,2485,150000,2011,20
35╦Ж,18547,8934,5360,3574,9613,5552,4061,150000,2011,21
36╦Ж,25235,12446,7330,5115,12790,6730,6060,150000,2011,22
37╦Ж,33882,16721,9802,6919,17161,9011,8150,150000,2011,23
38╦Ж,42474,21299,12387,8912,21175,10796,10379,150000,2011,24
39╦Ж,52248,25714,14980,10734,26534,13754,12780,150000,2011,25
40╦Ж,55320,26684,15536,11148,28636,14433,14203,150000,2011,26
41╦Ж,67529,32981,19215,13766,34548,17540,17008,150000,2011,27
42╦Ж,62111,29261,17036,12225,32850,16862,15988,150000,2011,28
43╦Ж,69001,32746,18773,13973,36255,18134,18120,150000,2011,29
44╦Ж,52999,23914,14180,9734,29085,14290,14795,150000,2011,30
45╦Ж,55908,25503,15755,9748,30404,16317,14088,150000,2011,31
46╦Ж,58287,26615,16528,10087,31672,17050,14621,150000,2011,32
47╦Ж,63395,28486,17899,10586,34910,18936,15973,150000,2011,33
48╦Ж,69061,31149,19288,11861,37913,20371,17542,150000,2011,34
49╦Ж,59023,25757,15896,9861,33266,17775,15491,150000,2011,35
50╦Ж,25773,11770,9273,2497,14003,11449,2554,150000,2011,36
51╦Ж,28453,13500,11456,2045,14953,12980,1973,150000,2011,37
52╦Ж,22309,10735,9339,1396,11574,10640,934,150000,2011,38
53╦Ж,24690,11639,10239,1400,13051,12141,910,150000,2011,39
54╦Ж,24073,11116,9796,1321,12957,12065,891,150000,2011,40
55╦Ж,18878,8311,7628,683,10567,9947,621,150000,2011,41
56╦Ж,17472,7332,6789,543,10140,9650,489,150000,2011,42
57╦Ж,17796,7233,6718,515,10563,10104,459,150000,2011,43
58╦Ж,15320,5931,5494,436,9389,9008,381,150000,2011,44
59╦Ж,14392,5390,4915,475,9001,8663,339,150000,2011,45
60╦Ж,6000,2221,1765,456,3779,3565,214,150000,2011,46
61╦Ж,2917,1280,866,414,1637,1430,207,150000,2011,47
62╦Ж,2028,979,525,454,1049,879,169,150000,2011,48
63╦Ж,1452,784,382,402,668,567,101,150000,2011,49
64╦Ж,1412,822,482,339,590,487,103,150000,2011,50
65╦Ж╝░мн╔¤,14572,11376,7922,3454,3196,2260,936,150000,2011,51
║¤╝к,,,,,,,,640000,2011,1
16╦Ж╝░мн¤┬,3,3,1,2,0,0,0,640000,2011,2
17╦Ж,1,1,1,0,0,0,0,640000,2011,3
18╦Ж,2,2,1,1,0,0,0,640000,2011,4
19╦Ж,7,6,3,3,1,1,0,640000,2011,5
20╦Ж,13,12,12,0,1,1,0,640000,2011,6
21╦Ж,30,30,13,17,0,0,0,640000,2011,7
22╦Ж,67,66,44,22,1,1,0,640000,2011,8
23╦Ж,99,98,58,40,1,1,0,640000,2011,9
24╦Ж,231,229,176,53,2,2,0,640000,2011,10
25╦Ж,169,167,97,70,2,2,0,640000,2011,11
26╦Ж,151,150,94,56,1,0,1,640000,2011,12
27╦Ж,174,172,107,65,2,2,0,640000,2011,13
28╦Ж,218,217,144,73,1,1,0,640000,2011,14
29╦Ж,277,275,169,106,2,1,1,640000,2011,15
30╦Ж,333,329,199,130,4,1,3,640000,2011,16
31╦Ж,620,614,370,244,6,3,3,640000,2011,17
32╦Ж,1199,1192,739,453,7,2,5,640000,2011,18
33╦Ж,2777,2756,1599,1157,21,11,10,640000,2011,19
34╦Ж,4854,4817,2635,2182,37,24,13,640000,2011,20
35╦Ж,8404,8354,4546,3808,50,27,23,640000,2011,21
36╦Ж,11883,11804,6533,5269,79,36,43,640000,2011,22
37╦Ж,15645,15533,8547,6986,112,49,63,640000,2011,23
38╦Ж,19424,19302,10746,8556,122,61,61,640000,2011,24
39╦Ж,23295,23146,12956,10190,149,74,75,640000,2011,25
40╦Ж,23666,23518,12877,10640,148,60,88,640000,2011,26
41╦Ж,26701,26557,14395,12161,144,66,78,640000,2011,27
42╦Ж,25627,25452,13985,11466,175,79,96,640000,2011,28
43╦Ж,27951,27794,15131,12663,157,76,81,640000,2011,29
44╦Ж,20217,20125,10945,9179,92,44,48,640000,2011,30
45╦Ж,20442,20340,11482,8858,102,55,47,640000,2011,31
46╦Ж,19855,19762,11356,8406,93,49,44,640000,2011,32
47╦Ж,20937,20839,12284,8555,98,62,36,640000,2011,33
48╦Ж,22319,22215,12871,9344,104,57,47,640000,2011,34
49╦Ж,18151,18073,10945,7128,78,39,39,640000,2011,35
50╦Ж,5807,5791,4533,1258,16,12,4,640000,2011,36
51╦Ж,7613,7581,6235,1346,32,30,2,640000,2011,37
52╦Ж,6725,6707,5595,1112,18,18,0,640000,2011,38
53╦Ж,8295,8264,6965,1299,31,31,0,640000,2011,39
54╦Ж,8928,8890,7438,1452,38,37,1,640000,2011,40
55╦Ж,6771,6751,6058,693,20,19,1,640000,2011,41
56╦Ж,6342,6327,5770,557,15,15,0,640000,2011,42
57╦Ж,5923,5910,5429,481,13,13,0,640000,2011,43
58╦Ж,4784,4777,4500,277,7,7,0,640000,2011,44
59╦Ж,4243,4237,4006,231,6,6,0,640000,2011,45
60╦Ж,1349,1347,1182,165,2,2,0,640000,2011,46
61╦Ж,1134,1133,988,145,1,1,0,640000,2011,47
62╦Ж,902,901,763,138,1,1,0,640000,2011,48
63╦Ж,630,629,448,181,1,1,0,640000,2011,49
64╦Ж,495,494,291,203,1,0,1,640000,2011,50
65╦Ж╝░мн╔¤,2246,2246,1860,386,0,0,0,640000,2011,51
║¤╝к,264528,264528,150615,113912,0,0,0,630000,2011,1
16╦Ж╝░мн¤┬,57,57,45,12,0,0,0,630000,2011,2
17╦Ж,0,0,0,0,0,0,0,630000,2011,3
18╦Ж,4,4,1,3,0,0,0,630000,2011,4
19╦Ж,7,7,3,4,0,0,0,630000,2011,5
20╦Ж,12,12,9,3,0,0,0,630000,2011,6
21╦Ж,14,14,11,3,0,0,0,630000,2011,7
22╦Ж,16,16,10,6,0,0,0,630000,2011,8
23╦Ж,18,18,10,8,0,0,0,630000,2011,9
24╦Ж,36,36,16,20,0,0,0,630000,2011,10
25╦Ж,32,32,14,18,0,0,0,630000,2011,11
26╦Ж,31,31,10,21,0,0,0,630000,2011,12
27╦Ж,46,46,24,22,0,0,0,630000,2011,13
28╦Ж,61,61,21,40,0,0,0,630000,2011,14
29╦Ж,100,100,44,56,0,0,0,630000,2011,15
30╦Ж,163,163,98,65,0,0,0,630000,2011,16
31╦Ж,338,338,192,146,0,0,0,630000,2011,17
32╦Ж,942,942,544,398,0,0,0,630000,2011,18
33╦Ж,2012,2012,1115,897,0,0,0,630000,2011,19
34╦Ж,3436,3436,1944,1492,0,0,0,630000,2011,20
35╦Ж,5746,5746,3185,2561,0,0,0,630000,2011,21
36╦Ж,7991,7991,4251,3740,0,0,0,630000,2011,22
37╦Ж,10246,10246,5511,4735,0,0,0,630000,2011,23
38╦Ж,13102,13102,6930,6172,0,0,0,630000,2011,24
39╦Ж,15601,15601,8381,7219,0,0,0,630000,2011,25
40╦Ж,16834,16834,8701,8133,0,0,0,630000,2011,26
41╦Ж,18224,18224,9367,8857,0,0,0,630000,2011,27
42╦Ж,18905,18905,9839,9066,0,0,0,630000,2011,28
43╦Ж,20622,20622,10412,10210,0,0,0,630000,2011,29
44╦Ж,16920,16920,8653,8267,0,0,0,630000,2011,30
45╦Ж,16879,16879,9030,7849,0,0,0,630000,2011,31
46╦Ж,16694,16694,8961,7733,0,0,0,630000,2011,32
47╦Ж,17638,17638,9583,8055,0,0,0,630000,2011,33
48╦Ж,17679,17679,9655,8024,0,0,0,630000,2011,34
49╦Ж,13941,13941,7757,6184,0,0,0,630000,2011,35
50╦Ж,3859,3859,3286,573,0,0,0,630000,2011,36
51╦Ж,4794,4794,4156,638,0,0,0,630000,2011,37
52╦Ж,4779,4779,4262,517,0,0,0,630000,2011,38
53╦Ж,5748,5748,5312,436,0,0,0,630000,2011,39
54╦Ж,5070,5070,4710,360,0,0,0,630000,2011,40
55╦Ж,1277,1277,1070,207,0,0,0,630000,2011,41
56╦Ж,913,913,764,149,0,0,0,630000,2011,42
57╦Ж,761,761,608,153,0,0,0,630000,2011,43
58╦Ж,531,531,434,97,0,0,0,630000,2011,44
59╦Ж,455,455,333,122,0,0,0,630000,2011,45
60╦Ж,253,253,193,60,0,0,0,630000,2011,46
61╦Ж,222,222,166,56,0,0,0,630000,2011,47
62╦Ж,419,419,303,116,0,0,0,630000,2011,48
63╦Ж,132,132,105,27,0,0,0,630000,2011,49
64╦Ж,193,193,167,26,0,0,0,630000,2011,50
65╦Ж╝░мн╔¤,775,775,419,356,0,0,0,630000,2011,51
║¤╝к,2275142,2273467,1302000,908724,0,0,0,370000,2011,1
16╦Ж╝░мн¤┬,46,46,25,20,0,0,0,370000,2011,2
17╦Ж,122,122,106,16,0,0,0,370000,2011,3
18╦Ж,231,231,134,95,0,0,0,370000,2011,4
19╦Ж,616,616,361,232,0,0,0,370000,2011,5
20╦Ж,1760,1760,1236,522,0,0,0,370000,2011,6
21╦Ж,2334,2334,1553,780,0,0,0,370000,2011,7
22╦Ж,3386,3386,2097,1289,0,0,0,370000,2011,8
23╦Ж,5068,5068,3133,1934,0,0,0,370000,2011,9
24╦Ж,6393,6393,4229,2161,0,0,0,370000,2011,10
25╦Ж,9065,9065,6907,2157,0,0,0,370000,2011,11
26╦Ж,5358,5358,2995,2358,0,0,0,370000,2011,12
27╦Ж,6354,6354,3423,2931,0,0,0,370000,2011,13
28╦Ж,12617,12617,8647,3967,0,0,0,370000,2011,14
29╦Ж,9191,9191,5046,4139,0,0,0,370000,2011,15
30╦Ж,11995,11995,6624,5320,0,0,0,370000,2011,16
31╦Ж,18599,18599,9360,8959,0,0,0,370000,2011,17
32╦Ж,28912,28912,14421,13787,0,0,0,370000,2011,18
33╦Ж,41167,41167,19832,19981,0,0,0,370000,2011,19
34╦Ж,60821,60821,28685,29860,0,0,0,370000,2011,20
35╦Ж,83511,83511,39506,40755,0,0,0,370000,2011,21
36╦Ж,90187,90187,42487,44226,0,0,0,370000,2011,22
37╦Ж,110122,110122,56274,50122,0,0,0,370000,2011,23
38╦Ж,121487,121487,58253,58866,0,0,0,370000,2011,24
39╦Ж,131904,131904,64221,63223,0,0,0,370000,2011,25
40╦Ж,159051,159051,81062,72656,0,0,0,370000,2011,26
41╦Ж,128831,128831,62731,61965,0,0,0,370000,2011,27
42╦Ж,125070,125070,61021,60384,0,0,0,370000,2011,28
43╦Ж,90050,90050,44293,43043,0,0,0,370000,2011,29
44╦Ж,94956,94956,48169,43935,0,0,0,370000,2011,30
45╦Ж,103251,103251,53867,46468,0,0,0,370000,2011,31
46╦Ж,107625,107625,56675,48126,0,0,0,370000,2011,32
47╦Ж,137480,137480,72116,61947,0,0,0,370000,2011,33
48╦Ж,101390,101390,53477,44805,0,0,0,370000,2011,34
49╦Ж,35695,35695,27753,6894,0,0,0,370000,2011,35
50╦Ж,45386,45386,36913,7064,0,0,0,370000,2011,36
51╦Ж,41726,41726,35027,5511,0,0,0,370000,2011,37
52╦Ж,55882,55882,47109,7153,0,0,0,370000,2011,38
53╦Ж,60195,60195,50474,7947,0,0,0,370000,2011,39
54╦Ж,45213,45213,38913,5053,0,0,0,370000,2011,40
55╦Ж,41180,41180,36055,4051,0,0,0,370000,2011,41
56╦Ж,38434,38434,33731,3773,0,0,0,370000,2011,42
57╦Ж,35192,35192,31046,3157,0,0,0,370000,2011,43
58╦Ж,31261,31261,27324,2872,0,0,0,370000,2011,44
59╦Ж,9069,9069,6186,2553,0,0,0,370000,2011,45
60╦Ж,7555,7555,4836,2502,0,0,0,370000,2011,46
61╦Ж,6300,6300,3732,2366,0,0,0,370000,2011,47
62╦Ж,4947,4947,2873,1872,0,0,0,370000,2011,48
63╦Ж,3273,2315,3192,1789,0,0,0,370000,2011,49
64╦Ж,2967,2478,2315,1715,0,0,0,370000,2011,50
65╦Ж╝░мн╔¤,1917,1689,1555,1423,0,0,0,370000,2011,51
║¤╝к,2105734,1779320,1101035,678285,326415,192000,134414,140000,2011,1
16╦Ж╝░мн¤┬,1940,1729,970,759,212,131,81,140000,2011,2
17╦Ж,548,484,306,178,65,32,32,140000,2011,3
18╦Ж,644,591,345,245,54,29,25,140000,2011,4
19╦Ж,10698,8220,6220,2000,2477,1911,566,140000,2011,5
20╦Ж,358,306,198,108,52,32,20,140000,2011,6
21╦Ж,551,503,278,225,48,27,22,140000,2011,7
22╦Ж,484,425,298,127,59,34,25,140000,2011,8
23╦Ж,593,530,371,159,63,39,23,140000,2011,9
24╦Ж,497,450,278,172,47,27,20,140000,2011,10
25╦Ж,671,549,389,160,122,84,38,140000,2011,11
26╦Ж,551,510,366,144,41,25,16,140000,2011,12
27╦Ж,470,425,278,147,45,27,18,140000,2011,13
28╦Ж,593,523,337,186,70,34,36,140000,2011,14
29╦Ж,1424,1186,676,510,238,100,138,140000,2011,15
30╦Ж,3409,2739,1574,1165,670,310,360,140000,2011,16
31╦Ж,8045,6399,3592,2808,1646,778,868,140000,2011,17
32╦Ж,17679,14232,8296,5936,3447,1757,1690,140000,2011,18
33╦Ж,27157,22145,11911,10234,5012,2305,2707,140000,2011,19
34╦Ж,40840,33152,17847,15305,7688,3635,4053,140000,2011,20
35╦Ж,59161,48276,26052,22224,10886,5313,5573,140000,2011,21
36╦Ж,74100,61706,32835,28872,12393,5933,6460,140000,2011,22
37╦Ж,85113,70105,36862,33243,15009,6976,8032,140000,2011,23
38╦Ж,94356,78016,40386,37630,16340,7763,8577,140000,2011,24
39╦Ж,105638,87367,45598,41768,18271,8712,9559,140000,2011,25
40╦Ж,106885,88488,45975,42513,18396,8866,9531,140000,2011,26
41╦Ж,273263,250794,153857,96937,22469,12083,10386,140000,2011,27
42╦Ж,109312,91107,47335,43772,18205,9126,9079,140000,2011,28
43╦Ж,116743,97126,50133,46993,19617,10065,9552,140000,2011,29
44╦Ж,84126,70367,36933,33434,13759,7308,6451,140000,2011,30
45╦Ж,87198,72236,39801,32435,14962,8195,6767,140000,2011,31
46╦Ж,91134,76292,44060,32233,14842,8382,6460,140000,2011,32
47╦Ж,94163,78879,46510,32369,15285,8943,6342,140000,2011,33
48╦Ж,102213,86327,51069,35259,15885,9317,6568,140000,2011,34
49╦Ж,92696,77913,46876,31037,14783,8898,5885,140000,2011,35
50╦Ж,38561,32445,25942,6504,6116,4997,1119,140000,2011,36
51╦Ж,53745,44880,38254,6625,8866,7426,1439,140000,2011,37
52╦Ж,45908,38672,34108,4564,7236,6256,980,140000,2011,38
53╦Ж,50404,42587,37852,4736,7817,6636,1181,140000,2011,39
54╦Ж,48113,40686,35910,4776,7426,6100,1326,140000,2011,40
55╦Ж,31995,26944,24648,2296,5051,4499,552,140000,2011,41
56╦Ж,27340,22918,21073,1845,4422,4125,298,140000,2011,42
57╦Ж,26110,21873,20067,1805,4237,3911,326,140000,2011,43
58╦Ж,23568,19552,17642,1910,4015,3807,208,140000,2011,44
59╦Ж,21017,17299,15709,1591,3718,3538,179,140000,2011,45
60╦Ж,6499,5516,4192,1324,982,875,108,140000,2011,46
61╦Ж,6639,5666,4024,1642,973,801,172,140000,2011,47
62╦Ж,3285,2931,1931,1000,353,274,79,140000,2011,48
63╦Ж,2462,2261,1487,774,201,160,41,140000,2011,49
64╦Ж,2764,2561,1828,733,203,161,41,140000,2011,50
65╦Ж╝░мн╔¤,24072,22432,17558,4874,1640,1235,405,140000,2011,51
║¤╝к,1711994,1711994,1090610,621384,0,0,0,610000,2011,1
16╦Ж╝░мн¤┬,135,135,99,36,0,0,0,610000,2011,2
17╦Ж,4,4,3,1,0,0,0,610000,2011,3
18╦Ж,6,6,5,1,0,0,0,610000,2011,4
19╦Ж,3,3,1,2,0,0,0,610000,2011,5
20╦Ж,8,8,6,2,0,0,0,610000,2011,6
21╦Ж,10,10,9,1,0,0,0,610000,2011,7
22╦Ж,16,16,6,10,0,0,0,610000,2011,8
23╦Ж,20,20,12,8,0,0,0,610000,2011,9
24╦Ж,35,35,24,11,0,0,0,610000,2011,10
25╦Ж,73,73,41,32,0,0,0,610000,2011,11
26╦Ж,118,118,70,48,0,0,0,610000,2011,12
27╦Ж,296,296,185,111,0,0,0,610000,2011,13
28╦Ж,500,500,280,220,0,0,0,610000,2011,14
29╦Ж,1036,1036,614,422,0,0,0,610000,2011,15
30╦Ж,1543,1543,888,655,0,0,0,610000,2011,16
31╦Ж,2738,2738,1653,1085,0,0,0,610000,2011,17
32╦Ж,6460,6460,3776,2684,0,0,0,610000,2011,18
33╦Ж,14529,14529,8186,6343,0,0,0,610000,2011,19
34╦Ж,26444,26444,14258,12186,0,0,0,610000,2011,20
35╦Ж,40966,40966,21794,19172,0,0,0,610000,2011,21
36╦Ж,54387,54387,29037,25350,0,0,0,610000,2011,22
37╦Ж,64625,64625,34729,29896,0,0,0,610000,2011,23
38╦Ж,83779,83779,46052,37727,0,0,0,610000,2011,24
39╦Ж,100986,100986,56050,44936,0,0,0,610000,2011,25
40╦Ж,100720,100720,55922,44798,0,0,0,610000,2011,26
41╦Ж,108218,108218,59606,48612,0,0,0,610000,2011,27
42╦Ж,99623,99623,54528,45095,0,0,0,610000,2011,28
43╦Ж,113221,113221,62484,50737,0,0,0,610000,2011,29
44╦Ж,75724,75724,41980,33744,0,0,0,610000,2011,30
45╦Ж,81737,81737,47959,33778,0,0,0,610000,2011,31
46╦Ж,79550,79550,47620,31930,0,0,0,610000,2011,32
47╦Ж,87080,87080,53252,33828,0,0,0,610000,2011,33
48╦Ж,107471,107471,65278,42193,0,0,0,610000,2011,34
49╦Ж,84944,84944,51857,33087,0,0,0,610000,2011,35
50╦Ж,36911,36911,29493,7418,0,0,0,610000,2011,36
51╦Ж,46466,46466,40608,5858,0,0,0,610000,2011,37
52╦Ж,41125,41125,36834,4291,0,0,0,610000,2011,38
53╦Ж,47085,47085,42573,4512,0,0,0,610000,2011,39
54╦Ж,46118,46118,41395,4723,0,0,0,610000,2011,40
55╦Ж,30652,30652,28356,2296,0,0,0,610000,2011,41
56╦Ж,26112,26112,24674,1438,0,0,0,610000,2011,42
57╦Ж,24673,24673,23668,1005,0,0,0,610000,2011,43
58╦Ж,22782,22782,21843,939,0,0,0,610000,2011,44
59╦Ж,22692,22692,21793,899,0,0,0,610000,2011,45
60╦Ж,7357,7357,6593,764,0,0,0,610000,2011,46
61╦Ж,3566,3566,2877,689,0,0,0,610000,2011,47
62╦Ж,2279,2279,1600,679,0,0,0,610000,2011,48
63╦Ж,1749,1749,1149,600,0,0,0,610000,2011,49
64╦Ж,1896,1896,1203,693,0,0,0,610000,2011,50
65╦Ж╝░мн╔¤,13526,13526,7687,5839,0,0,0,610000,2011,51
║¤╝к,1951850,1850344,1398185,452159,101506,60814,40692,310000,2011,1
16╦Ж╝░мн¤┬,7,7,2,5,0,,,310000,2011,2
17╦Ж,1,1,,1,0,,,310000,2011,3
18╦Ж,3,3,3,,0,,,310000,2011,4
19╦Ж,0,0,,,0,,,310000,2011,5
20╦Ж,4,4,1,3,0,,,310000,2011,6
21╦Ж,4,4,4,,0,,,310000,2011,7
22╦Ж,3,3,1,2,0,,,310000,2011,8
23╦Ж,5,5,4,1,0,,,310000,2011,9
24╦Ж,2,2,,2,0,,,310000,2011,10
25╦Ж,2,2,2,,0,,,310000,2011,11
26╦Ж,2,2,1,1,0,,,310000,2011,12
27╦Ж,0,0,,,0,,,310000,2011,13
28╦Ж,1,1,1,,0,,,310000,2011,14
29╦Ж,8,8,3,5,0,,,310000,2011,15
30╦Ж,2,2,1,1,0,,,310000,2011,16
31╦Ж,7,6,2,4,1,,1,310000,2011,17
32╦Ж,22,22,3,19,0,,,310000,2011,18
33╦Ж,47,44,17,27,3,1,2,310000,2011,19
34╦Ж,264,251,91,160,13,1,12,310000,2011,20
35╦Ж,2779,2694,1090,1604,85,17,68,310000,2011,21
36╦Ж,8325,8008,3558,4450,317,110,207,310000,2011,22
37╦Ж,20229,19389,10091,9298,840,311,529,310000,2011,23
38╦Ж,37904,36355,19675,16680,1549,650,899,310000,2011,24
39╦Ж,47431,45494,25446,20048,1937,820,1117,310000,2011,25
40╦Ж,59974,56998,32550,24448,2976,1082,1894,310000,2011,26
41╦Ж,79452,75285,43118,32167,4167,1574,2593,310000,2011,27
42╦Ж,83672,79006,45099,33907,4666,1742,2924,310000,2011,28
43╦Ж,91746,86645,49149,37496,5101,1862,3239,310000,2011,29
44╦Ж,69863,65996,37682,28314,3867,1385,2482,310000,2011,30
45╦Ж,75368,71020,41209,29811,4348,1856,2492,310000,2011,31
46╦Ж,86981,81942,48005,33937,5039,2307,2732,310000,2011,32
47╦Ж,104921,98259,57388,40871,6662,2691,3971,310000,2011,33
48╦Ж,164156,153090,87614,65476,11066,4166,6900,310000,2011,34
49╦Ж,142401,134449,78821,55628,7952,3777,4175,310000,2011,35
50╦Ж,75568,71424,67738,3686,4144,3257,887,310000,2011,36
51╦Ж,92179,88000,84714,3286,4179,3600,579,310000,2011,37
52╦Ж,89678,85881,83328,2553,3797,3415,382,310000,2011,38
53╦Ж,105339,101225,98398,2827,4114,3754,360,310000,2011,39
54╦Ж,119783,115149,112494,2655,4634,4225,409,310000,2011,40
55╦Ж,85329,81681,81218,463,3648,3325,323,310000,2011,41
56╦Ж,81424,77915,77555,360,3509,3192,317,310000,2011,42
57╦Ж,85998,81631,81364,267,4367,4014,353,310000,2011,43
58╦Ж,68275,64059,63859,200,4216,3806,410,310000,2011,44
59╦Ж,54207,50979,50815,164,3228,2867,361,310000,2011,45
60╦Ж,1475,1159,1032,127,316,276,40,310000,2011,46
61╦Ж,903,693,608,85,210,193,17,310000,2011,47
62╦Ж,637,463,386,77,174,169,5,310000,2011,48
63╦Ж,501,348,299,49,153,150,3,310000,2011,49
64╦Ж,435,301,258,43,134,131,3,310000,2011,50
65╦Ж╝░мн╔¤,14533,14439,13488,951,94,88,6,310000,2011,51
║¤╝к,,,,,,,,510000,2011,1
16╦Ж╝░мн¤┬,4,4,2,2,0,0,0,510000,2011,2
17╦Ж,0,0,0,0,0,0,0,510000,2011,3
18╦Ж,3,3,1,2,0,0,0,510000,2011,4
19╦Ж,1,1,1,0,0,0,0,510000,2011,5
20╦Ж,14,14,11,3,0,0,0,510000,2011,6
21╦Ж,13,13,10,3,0,0,0,510000,2011,7
22╦Ж,28,28,17,11,0,0,0,510000,2011,8
23╦Ж,58,58,37,21,0,0,0,510000,2011,9
24╦Ж,165,165,110,52,3,1,2,510000,2011,10
25╦Ж,287,287,176,109,2,1,1,510000,2011,11
26╦Ж,197,197,125,70,2,1,1,510000,2011,12
27╦Ж,146,146,89,56,1,0,1,510000,2011,13
28╦Ж,154,154,93,57,4,2,2,510000,2011,14
29╦Ж,260,260,174,78,8,3,5,510000,2011,15
30╦Ж,310,310,192,107,11,4,7,510000,2011,16
31╦Ж,388,388,223,151,14,4,10,510000,2011,17
32╦Ж,864,864,462,368,34,13,21,510000,2011,18
33╦Ж,2028,2028,1129,859,40,20,20,510000,2011,19
34╦Ж,5946,5946,3382,2470,94,34,60,510000,2011,20
35╦Ж,9764,9764,5488,4092,184,55,129,510000,2011,21
36╦Ж,15595,15595,8874,6479,241,96,145,510000,2011,22
37╦Ж,20553,20553,12104,8175,274,101,173,510000,2011,23
38╦Ж,24553,24553,14545,9657,350,127,223,510000,2011,24
39╦Ж,27826,27826,16766,10673,385,165,220,510000,2011,25
40╦Ж,27959,27959,16922,10507,529,196,333,510000,2011,26
41╦Ж,29931,29931,18236,11182,512,192,320,510000,2011,27
42╦Ж,26384,26384,15912,9973,499,179,320,510000,2011,28
43╦Ж,27483,27483,16867,10046,565,170,395,510000,2011,29
44╦Ж,18830,18830,11488,6962,378,144,234,510000,2011,30
45╦Ж,20194,20194,12880,6930,383,158,225,510000,2011,31
46╦Ж,21869,21869,14159,7287,423,146,277,510000,2011,32
47╦Ж,25500,25500,16661,8341,497,185,312,510000,2011,33
48╦Ж,31295,31295,19967,10570,758,238,520,510000,2011,34
49╦Ж,19093,19093,12249,6357,487,151,336,510000,2011,35
50╦Ж,7931,7931,6159,1676,96,89,7,510000,2011,36
51╦Ж,9062,9062,7290,1674,98,94,4,510000,2011,37
52╦Ж,8478,8478,6962,1400,116,116,0,510000,2011,38
53╦Ж,12550,12550,10647,1699,203,202,1,510000,2011,39
54╦Ж,11648,11648,9553,1881,213,213,0,510000,2011,40
55╦Ж,7116,7116,6580,412,124,123,1,510000,2011,41
56╦Ж,7110,7110,6681,299,130,130,0,510000,2011,42
57╦Ж,7453,7453,7036,262,155,155,0,510000,2011,43
58╦Ж,6595,6595,6247,141,207,207,0,510000,2011,44
59╦Ж,5761,5761,5452,142,167,167,0,510000,2011,45
60╦Ж,835,835,696,125,14,14,0,510000,2011,46
61╦Ж,533,533,435,94,4,4,0,510000,2011,47
62╦Ж,410,410,314,96,0,0,0,510000,2011,48
63╦Ж,321,321,267,54,0,0,0,510000,2011,49
64╦Ж,279,279,226,53,0,0,0,510000,2011,50
65╦Ж╝░мн╔¤,2454,2454,1773,679,1,1,0,510000,2011,51
║¤╝к,1499090,1195121,783528,411593,303969,169723,134246,120000,2011,1
16╦Ж╝░мн¤┬,12,8,1,7,4,1,3,120000,2011,2
17╦Ж,2,2,1,1,0,0,0,120000,2011,3
18╦Ж,2,2,1,1,0,0,0,120000,2011,4
19╦Ж,13,11,0,11,2,0,2,120000,2011,5
20╦Ж,197,196,9,187,1,1,0,120000,2011,6
21╦Ж,411,409,29,380,2,1,1,120000,2011,7
22╦Ж,603,601,103,498,2,1,1,120000,2011,8
23╦Ж,809,804,194,610,5,2,3,120000,2011,9
24╦Ж,1050,1035,325,710,15,4,11,120000,2011,10
25╦Ж,992,970,399,571,22,4,18,120000,2011,11
26╦Ж,2332,2297,1452,845,35,20,15,120000,2011,12
27╦Ж,1245,1204,583,621,41,10,31,120000,2011,13
28╦Ж,1511,1430,706,724,81,21,60,120000,2011,14
29╦Ж,1870,1755,905,850,115,40,75,120000,2011,15
30╦Ж,3338,2323,1215,1108,1015,477,538,120000,2011,16
31╦Ж,4093,3017,1645,1372,1076,498,578,120000,2011,17
32╦Ж,9998,7659,4358,3301,2339,1055,1284,120000,2011,18
33╦Ж,20332,16555,9296,7259,3777,1588,2189,120000,2011,19
34╦Ж,28171,23486,12560,10926,4685,1877,2808,120000,2011,20
35╦Ж,35125,29435,15645,13790,5690,2141,3549,120000,2011,21
36╦Ж,40163,33843,18117,15726,6320,2441,3879,120000,2011,22
37╦Ж,45627,38054,20965,17089,7573,2955,4618,120000,2011,23
38╦Ж,55513,45751,25331,20420,9762,3832,5930,120000,2011,24
39╦Ж,60218,49254,27510,21744,10964,4290,6674,120000,2011,25
40╦Ж,61132,49613,27625,21988,11519,4450,7069,120000,2011,26
41╦Ж,68045,54443,29810,24633,13602,5172,8430,120000,2011,27
42╦Ж,64715,51428,27829,23599,13287,4970,8317,120000,2011,28
43╦Ж,74178,58814,31564,27250,15364,5617,9747,120000,2011,29
44╦Ж,52312,41577,21722,19855,10735,4015,6720,120000,2011,30
45╦Ж,59358,46949,24943,22006,12409,4664,7745,120000,2011,31
46╦Ж,69741,54711,29020,25691,15030,5773,9257,120000,2011,32
47╦Ж,86266,67018,36198,30820,19248,8111,11137,120000,2011,33
48╦Ж,134629,103633,56082,47551,30996,12905,18091,120000,2011,34
49╦Ж,103623,78032,44749,33283,25591,10917,14674,120000,2011,35
50╦Ж,36911,29356,27088,2268,7555,7460,95,120000,2011,36
51╦Ж,49865,39934,37454,2480,9931,9811,120,120000,2011,37
52╦Ж,46564,37255,35116,2139,9309,9228,81,120000,2011,38
53╦Ж,56352,45260,42736,2524,11092,10973,119,120000,2011,39
54╦Ж,55395,44003,41494,2509,11392,11295,97,120000,2011,40
55╦Ж,36400,28512,27865,647,7888,7794,94,120000,2011,41
56╦Ж,34893,27817,27309,508,7076,7017,59,120000,2011,42
57╦Ж,32912,26699,26254,445,6213,6168,45,120000,2011,43
58╦Ж,29380,23693,23324,369,5687,5672,15,120000,2011,44
59╦Ж,26956,20730,20299,431,6226,6215,11,120000,2011,45
60╦Ж,997,907,589,318,90,71,19,120000,2011,46
61╦Ж,702,643,382,261,59,47,12,120000,2011,47
62╦Ж,715,682,409,273,33,30,3,120000,2011,48
63╦Ж,410,385,215,170,25,21,4,120000,2011,49
64╦Ж,471,446,234,212,25,23,2,120000,2011,50
65╦Ж╝░мн╔¤,2541,2480,1868,612,61,45,16,120000,2011,51
║¤╝к,126,94,55,39,32,19,13,650000,2011,1
16╦Ж╝░мн¤┬,0,0,0,0,0,0,0,650000,2011,2
17╦Ж,0,0,0,0,0,0,0,650000,2011,3
18╦Ж,0,0,0,0,0,0,0,650000,2011,4
19╦Ж,0,0,0,0,0,0,0,650000,2011,5
20╦Ж,0,0,0,0,0,0,0,650000,2011,6
21╦Ж,0,0,0,0,0,0,0,650000,2011,7
22╦Ж,0,0,0,0,0,0,0,650000,2011,8
23╦Ж,0,0,0,0,0,0,0,650000,2011,9
24╦Ж,0,0,0,0,0,0,0,650000,2011,10
25╦Ж,0,0,0,0,0,0,0,650000,2011,11
26╦Ж,0,0,0,0,0,0,0,650000,2011,12
27╦Ж,0,0,0,0,0,0,0,650000,2011,13
28╦Ж,0,0,0,0,0,0,0,650000,2011,14
29╦Ж,0,0,0,0,0,0,0,650000,2011,15
30╦Ж,0,0,0,0,0,0,0,650000,2011,16
31╦Ж,0,0,0,0,0,0,0,650000,2011,17
32╦Ж,0,0,0,0,0,0,0,650000,2011,18
33╦Ж,0,0,0,0,0,0,0,650000,2011,19
34╦Ж,1,1,0,0,1,0,0,650000,2011,20
35╦Ж,2,1,1,1,0,0,0,650000,2011,21
36╦Ж,3,2,1,1,1,1,0,650000,2011,22
37╦Ж,4,3,2,2,1,1,0,650000,2011,23
38╦Ж,6,4,2,2,2,1,1,650000,2011,24
39╦Ж,8,5,3,2,3,1,1,650000,2011,25
40╦Ж,8,5,3,3,3,1,2,650000,2011,26
41╦Ж,9,6,3,3,3,1,2,650000,2011,27
42╦Ж,9,6,3,3,3,1,1,650000,2011,28
43╦Ж,9,7,4,3,2,1,1,650000,2011,29
44╦Ж,8,6,3,3,2,2,1,650000,2011,30
45╦Ж,8,6,3,3,2,1,1,650000,2011,31
46╦Ж,8,6,3,3,2,1,1,650000,2011,32
47╦Ж,7,6,3,3,1,1,1,650000,2011,33
48╦Ж,6,5,3,3,1,0,0,650000,2011,34
49╦Ж,6,5,3,2,2,1,1,650000,2011,35
50╦Ж,3,2,2,1,1,0,0,650000,2011,36
51╦Ж,3,2,2,1,0,0,0,650000,2011,37
52╦Ж,3,2,2,1,1,0,0,650000,2011,38
53╦Ж,3,2,2,1,1,1,0,650000,2011,39
54╦Ж,2,2,2,1,0,0,0,650000,2011,40
55╦Ж,2,2,1,0,1,1,0,650000,2011,41
56╦Ж,2,1,1,0,1,1,0,650000,2011,42
57╦Ж,2,1,1,0,0,0,0,650000,2011,43
58╦Ж,1,1,1,0,0,0,0,650000,2011,44
59╦Ж,1,1,1,0,0,0,0,650000,2011,45
60╦Ж,0,0,0,0,0,0,0,650000,2011,46
61╦Ж,0,0,0,0,0,0,0,650000,2011,47
62╦Ж,0,0,0,0,0,0,0,650000,2011,48
63╦Ж,0,0,0,0,0,0,0,650000,2011,49
64╦Ж,0,0,0,0,0,0,0,650000,2011,50
65╦Ж╝░мн╔¤,0,0,0,0,0,0,0,650000,2011,51
║¤╝к,,,,,,,,530000,2011,1
16╦Ж╝░мн¤┬,,,,,,,,530000,2011,2
17╦Ж,,,,,,,,530000,2011,3
18╦Ж,,,,,,,,530000,2011,4
19╦Ж,,,,,,,,530000,2011,5
20╦Ж,,,,,,,,530000,2011,6
21╦Ж,,,,,,,,530000,2011,7
22╦Ж,,,,,,,,530000,2011,8
23╦Ж,,,,,,,,530000,2011,9
24╦Ж,,,,,,,,530000,2011,10
25╦Ж,,,,,,,,530000,2011,11
26╦Ж,,,,,,,,530000,2011,12
27╦Ж,,,,,,,,530000,2011,13
28╦Ж,,,,,,,,530000,2011,14
29╦Ж,,,,,,,,530000,2011,15
30╦Ж,,,,,,,,530000,2011,16
31╦Ж,,,,,,,,530000,2011,17
32╦Ж,,,,,,,,530000,2011,18
33╦Ж,,,,,,,,530000,2011,19
34╦Ж,,,,,,,,530000,2011,20
35╦Ж,,,,,,,,530000,2011,21
36╦Ж,,,,,,,,530000,2011,22
37╦Ж,,,,,,,,530000,2011,23
38╦Ж,,,,,,,,530000,2011,24
39╦Ж,,,,,,,,530000,2011,25
40╦Ж,,,,,,,,530000,2011,26
41╦Ж,,,,,,,,530000,2011,27
42╦Ж,,,,,,,,530000,2011,28
43╦Ж,,,,,,,,530000,2011,29
44╦Ж,,,,,,,,530000,2011,30
45╦Ж,,,,,,,,530000,2011,31
46╦Ж,,,,,,,,530000,2011,32
47╦Ж,,,,,,,,530000,2011,33
48╦Ж,,,,,,,,530000,2011,34
49╦Ж,,,,,,,,530000,2011,35
50╦Ж,,,,,,,,530000,2011,36
51╦Ж,,,,,,,,530000,2011,37
52╦Ж,,,,,,,,530000,2011,38
53╦Ж,,,,,,,,530000,2011,39
54╦Ж,,,,,,,,530000,2011,40
55╦Ж,,,,,,,,530000,2011,41
56╦Ж,,,,,,,,530000,2011,42
57╦Ж,,,,,,,,530000,2011,43
58╦Ж,,,,,,,,530000,2011,44
59╦Ж,,,,,,,,530000,2011,45
60╦Ж,,,,,,,,530000,2011,46
61╦Ж,,,,,,,,530000,2011,47
62╦Ж,,,,,,,,530000,2011,48
63╦Ж,,,,,,,,530000,2011,49
64╦Ж,,,,,,,,530000,2011,50
65╦Ж╝░мн╔¤,,,,,,,,530000,2011,51
║¤╝к,2528810,1687408,1070627,616781,841402,503594,337808,330000,2011,1
16╦Ж╝░мн¤┬,0,0,0,0,0,0,0,330000,2011,2
17╦Ж,0,0,0,0,0,0,0,330000,2011,3
18╦Ж,0,0,0,0,0,0,0,330000,2011,4
19╦Ж,0,0,0,0,0,0,0,330000,2011,5
20╦Ж,0,0,0,0,0,0,0,330000,2011,6
21╦Ж,0,0,0,0,0,0,0,330000,2011,7
22╦Ж,0,0,0,0,0,0,0,330000,2011,8
23╦Ж,0,0,0,0,0,0,0,330000,2011,9
24╦Ж,0,0,0,0,0,0,0,330000,2011,10
25╦Ж,0,0,0,0,0,0,0,330000,2011,11
26╦Ж,0,0,0,0,0,0,0,330000,2011,12
27╦Ж,0,0,0,0,0,0,0,330000,2011,13
28╦Ж,733,518,256,261,215,108,108,330000,2011,14
29╦Ж,1914,1353,554,799,561,197,363,330000,2011,15
30╦Ж,4755,2987,1206,1781,1768,722,1045,330000,2011,16
31╦Ж,6377,3977,1752,2225,2400,920,1481,330000,2011,17
32╦Ж,15602,9801,4784,5018,5801,2562,3239,330000,2011,18
33╦Ж,28009,18700,9562,9138,9310,4460,4850,330000,2011,19
34╦Ж,43265,29774,15421,14353,13491,6550,6941,330000,2011,20
35╦Ж,55163,38410,20280,18130,16753,8610,8143,330000,2011,21
36╦Ж,69115,48356,25813,22543,20759,10283,10476,330000,2011,22
37╦Ж,73567,50193,27118,23075,23375,11871,11503,330000,2011,23
38╦Ж,90778,61257,33221,28036,29521,14550,14972,330000,2011,24
39╦Ж,104137,68770,37272,31498,35367,17421,17946,330000,2011,25
40╦Ж,117754,77147,42003,35143,40607,19741,20867,330000,2011,26
41╦Ж,126078,81446,42885,38561,44632,21755,22877,330000,2011,27
42╦Ж,126831,82665,42997,39668,44165,21010,23155,330000,2011,28
43╦Ж,127975,83545,43250,40295,44430,20755,23675,330000,2011,29
44╦Ж,109306,70340,36412,33928,38965,17982,20983,330000,2011,30
45╦Ж,113651,72703,38069,34633,40948,19422,21526,330000,2011,31
46╦Ж,126710,82334,43274,39059,44376,20476,23900,330000,2011,32
47╦Ж,141840,92300,48816,43484,49540,23613,25928,330000,2011,33
48╦Ж,186886,121723,64348,57375,65162,31033,34129,330000,2011,34
49╦Ж,177934,117837,58853,58984,60097,27283,32814,330000,2011,35
50╦Ж,62950,44519,34960,9559,18431,14940,3491,330000,2011,36
51╦Ж,69123,48790,43101,5689,20333,19615,718,330000,2011,37
52╦Ж,68629,48112,44483,3630,20517,20064,453,330000,2011,38
53╦Ж,72663,49930,46597,3333,22733,22424,310,330000,2011,39
54╦Ж,85397,58572,53701,4871,26825,25851,974,330000,2011,40
55╦Ж,65222,45189,42656,2533,20032,19709,323,330000,2011,41
56╦Ж,58835,40175,38517,1659,18659,18574,85,330000,2011,42
57╦Ж,60592,40524,39388,1136,20068,19965,103,330000,2011,43
58╦Ж,54756,36240,35261,980,18516,18431,85,330000,2011,44
59╦Ж,55157,36560,35659,902,18597,18520,76,330000,2011,45
60╦Ж,12031,8935,8098,837,3096,3055,40,330000,2011,46
61╦Ж,4420,3985,3333,652,435,390,45,330000,2011,47
62╦Ж,2253,2006,1399,608,247,206,40,330000,2011,48
63╦Ж,1879,1708,1193,515,170,130,40,330000,2011,49
64╦Ж,1682,1462,994,468,220,184,36,330000,2011,50
65╦Ж╝░мн╔¤,4841,4562,3139,1423,278,211,67,330000,2011,51
║¤╝к,,,,,,,,500000,2011,1
16╦Ж╝░мн¤┬,,,,,,,,500000,2011,2
17╦Ж,,,,,,,,500000,2011,3
18╦Ж,,,,,,,,500000,2011,4
19╦Ж,,,,,,,,500000,2011,5
20╦Ж,,,,,,,,500000,2011,6
21╦Ж,,,,,,,,500000,2011,7
22╦Ж,,,,,,,,500000,2011,8
23╦Ж,,,,,,,,500000,2011,9
24╦Ж,,,,,,,,500000,2011,10
25╦Ж,,,,,,,,500000,2011,11
26╦Ж,,,,,,,,500000,2011,12
27╦Ж,,,,,,,,500000,2011,13
28╦Ж,,,,,,,,500000,2011,14
29╦Ж,,,,,,,,500000,2011,15
30╦Ж,,,,,,,,500000,2011,16
31╦Ж,,,,,,,,500000,2011,17
32╦Ж,,,,,,,,500000,2011,18
33╦Ж,,,,,,,,500000,2011,19
34╦Ж,,,,,,,,500000,2011,20
35╦Ж,,,,,,,,500000,2011,21
36╦Ж,,,,,,,,500000,2011,22
37╦Ж,,,,,,,,500000,2011,23
38╦Ж,,,,,,,,500000,2011,24
39╦Ж,,,,,,,,500000,2011,25
40╦Ж,,,,,,,,500000,2011,26
41╦Ж,,,,,,,,500000,2011,27
42╦Ж,,,,,,,,500000,2011,28
43╦Ж,,,,,,,,500000,2011,29
44╦Ж,,,,,,,,500000,2011,30
45╦Ж,,,,,,,,500000,2011,31
46╦Ж,,,,,,,,500000,2011,32
47╦Ж,,,,,,,,500000,2011,33
48╦Ж,,,,,,,,500000,2011,34
49╦Ж,,,,,,,,500000,2011,35
50╦Ж,,,,,,,,500000,2011,36
51╦Ж,,,,,,,,500000,2011,37
52╦Ж,,,,,,,,500000,2011,38
53╦Ж,,,,,,,,500000,2011,39
54╦Ж,,,,,,,,500000,2011,40
55╦Ж,,,,,,,,500000,2011,41
56╦Ж,,,,,,,,500000,2011,42
57╦Ж,,,,,,,,500000,2011,43
58╦Ж,,,,,,,,500000,2011,44
59╦Ж,,,,,,,,500000,2011,45
60╦Ж,,,,,,,,500000,2011,46
61╦Ж,,,,,,,,500000,2011,47
62╦Ж,,,,,,,,500000,2011,48
63╦Ж,,,,,,,,500000,2011,49
64╦Ж,,,,,,,,500000,2011,50
65╦Ж╝░мн╔¤,,,,,,,,500000,2011,51
